image_path,label,label_name,source,gender,age,dob,aadhaar_num,notes
output\real\real_orig_100front_scaled_up.jpg,0,real,original,,,,,original_real_card
output\real\real_orig_10front_scaled_up.jpg,0,real,original,,,,,original_real_card
output\real\real_orig_11front_scaled_up.jpg,0,real,original,,,,,original_real_card
output\real\real_orig_12front_scaled_up.jpg,0,real,original,,,,,original_real_card
output\real\real_orig_13front_scaled_up.jpg,0,real,original,,,,,original_real_card
output\real\real_orig_15front_scaled_up.jpg,0,real,original,,,,,original_real_card
output\real\real_orig_16front_scaled_up.jpg,0,real,original,,,,,original_real_card
output\real\real_orig_17front_scaled_up.jpg,0,real,original,,,,,original_real_card
output\real\real_orig_19front_scaled_up.jpg,0,real,original,,,,,original_real_card
output\real\real_orig_1front_scaled_up.jpg,0,real,original,,,,,original_real_card
output\real\real_orig_20front_scaled_up.jpg,0,real,original,,,,,original_real_card
output\real\real_orig_21front_scaled_up.jpg,0,real,original,,,,,original_real_card
output\real\real_orig_22front_scaled_up.jpg,0,real,original,,,,,original_real_card
output\real\real_orig_23front_scaled_up.jpg,0,real,original,,,,,original_real_card
output\real\real_orig_25front_scaled_up.jpg,0,real,original,,,,,original_real_card
output\real\real_orig_26front_scaled_up.jpg,0,real,original,,,,,original_real_card
output\real\real_orig_27front_scaled_up.jpg,0,real,original,,,,,original_real_card
output\real\real_orig_28front_scaled_up.jpg,0,real,original,,,,,original_real_card
output\real\real_orig_29front_scaled_up.jpg,0,real,original,,,,,original_real_card
output\real\real_orig_2front_scaled_up.jpg,0,real,original,,,,,original_real_card
output\real\real_orig_32front_scaled_up.jpg,0,real,original,,,,,original_real_card
output\real\real_orig_33front_scaled_up.jpg,0,real,original,,,,,original_real_card
output\real\real_orig_34front_scaled_up.jpg,0,real,original,,,,,original_real_card
output\real\real_orig_35front_scaled_up.jpg,0,real,original,,,,,original_real_card
output\real\real_orig_36front_scaled_up.jpg,0,real,original,,,,,original_real_card
output\real\real_orig_37front_scaled_up.jpg,0,real,original,,,,,original_real_card
output\real\real_orig_38front_scaled_up.jpg,0,real,original,,,,,original_real_card
output\real\real_orig_39front_scaled_up.jpg,0,real,original,,,,,original_real_card
output\real\real_orig_3front_scaled_up.jpg,0,real,original,,,,,original_real_card
output\real\real_orig_40front_scaled_up.jpg,0,real,original,,,,,original_real_card
output\real\real_orig_41front_scaled_up.jpg,0,real,original,,,,,original_real_card
output\real\real_orig_42front_scaled_up.jpg,0,real,original,,,,,original_real_card
output\real\real_orig_43front_scaled_up.jpg,0,real,original,,,,,original_real_card
output\real\real_orig_44front_scaled_up.jpg,0,real,original,,,,,original_real_card
output\real\real_orig_45front_scaled_up.jpg,0,real,original,,,,,original_real_card
output\real\real_orig_46front_scaled_up.jpg,0,real,original,,,,,original_real_card
output\real\real_orig_48front_scaled_up.jpg,0,real,original,,,,,original_real_card
output\real\real_orig_49front_scaled_up.jpg,0,real,original,,,,,original_real_card
output\real\real_orig_50front_scaled_up.jpg,0,real,original,,,,,original_real_card
output\real\real_orig_51front_scaled_up.jpg,0,real,original,,,,,original_real_card
output\real\real_orig_52front_scaled_up.jpg,0,real,original,,,,,original_real_card
output\real\real_orig_53front_scaled_up.jpg,0,real,original,,,,,original_real_card
output\real\real_orig_54front_scaled_up.jpg,0,real,original,,,,,original_real_card
output\real\real_orig_55front_scaled_up.jpg,0,real,original,,,,,original_real_card
output\real\real_orig_56front_scaled_up.jpg,0,real,original,,,,,original_real_card
output\real\real_orig_57front_scaled_up.jpg,0,real,original,,,,,original_real_card
output\real\real_orig_58front_scaled_up.jpg,0,real,original,,,,,original_real_card
output\real\real_orig_59front_scaled_up.jpg,0,real,original,,,,,original_real_card
output\real\real_orig_5front_scaled_up.jpg,0,real,original,,,,,original_real_card
output\real\real_orig_60front_scaled_up.jpg,0,real,original,,,,,original_real_card
output\real\real_orig_61front_scaled_up.jpg,0,real,original,,,,,original_real_card
output\real\real_orig_62front_scaled_up.jpg,0,real,original,,,,,original_real_card
output\real\real_orig_63front_scaled_up.jpg,0,real,original,,,,,original_real_card
output\real\real_orig_64front_scaled_up.jpg,0,real,original,,,,,original_real_card
output\real\real_orig_65front_scaled_up.jpg,0,real,original,,,,,original_real_card
output\real\real_orig_66front_scaled_up.jpg,0,real,original,,,,,original_real_card
output\real\real_orig_67front_scaled_up.jpg,0,real,original,,,,,original_real_card
output\real\real_orig_68front_scaled_up.jpg,0,real,original,,,,,original_real_card
output\real\real_orig_69front_scaled_up.jpg,0,real,original,,,,,original_real_card
output\real\real_orig_6front_scaled_up.jpg,0,real,original,,,,,original_real_card
output\real\real_orig_70front_scaled_up.jpg,0,real,original,,,,,original_real_card
output\real\real_orig_71front_scaled_up.jpg,0,real,original,,,,,original_real_card
output\real\real_orig_72front_scaled_up.jpg,0,real,original,,,,,original_real_card
output\real\real_orig_73front_scaled_up.jpg,0,real,original,,,,,original_real_card
output\real\real_orig_74front_scaled_up.jpg,0,real,original,,,,,original_real_card
output\real\real_orig_75front_scaled_up.jpg,0,real,original,,,,,original_real_card
output\real\real_orig_76front_scaled_up.jpg,0,real,original,,,,,original_real_card
output\real\real_orig_77front_scaled_up.jpg,0,real,original,,,,,original_real_card
output\real\real_orig_78front_scaled_up.jpg,0,real,original,,,,,original_real_card
output\real\real_orig_7front_scaled_up.jpg,0,real,original,,,,,original_real_card
output\real\real_orig_80front_scaled_up.jpg,0,real,original,,,,,original_real_card
output\real\real_orig_81front_scaled_up.jpg,0,real,original,,,,,original_real_card
output\real\real_orig_82front_scaled_up.jpg,0,real,original,,,,,original_real_card
output\real\real_orig_83front_scaled_up.jpg,0,real,original,,,,,original_real_card
output\real\real_orig_84front_scaled_up.jpg,0,real,original,,,,,original_real_card
output\real\real_orig_85front_scaled_up.jpg,0,real,original,,,,,original_real_card
output\real\real_orig_86front_scaled_up.jpg,0,real,original,,,,,original_real_card
output\real\real_orig_87front_scaled_up.jpg,0,real,original,,,,,original_real_card
output\real\real_orig_88front_scaled_up.jpg,0,real,original,,,,,original_real_card
output\real\real_orig_90front_scaled_up.jpg,0,real,original,,,,,original_real_card
output\real\real_orig_91front_scaled_up.jpg,0,real,original,,,,,original_real_card
output\real\real_orig_92front_scaled_up.jpg,0,real,original,,,,,original_real_card
output\real\real_orig_93front_scaled_up.jpg,0,real,original,,,,,original_real_card
output\real\real_orig_94front_scaled_up.jpg,0,real,original,,,,,original_real_card
output\real\real_orig_95front_scaled_up.jpg,0,real,original,,,,,original_real_card
output\real\real_orig_96front_scaled_up.jpg,0,real,original,,,,,original_real_card
output\real\real_orig_97front_scaled_up.jpg,0,real,original,,,,,original_real_card
output\real\real_orig_98front_scaled_up.jpg,0,real,original,,,,,original_real_card
output\real\real_orig_99front_scaled_up.jpg,0,real,original,,,,,original_real_card
output\real\real_orig_9front_scaled_up.jpg,0,real,original,,,,,original_real_card
output\real\real_synth_0001.jpg,0,real,synthetic,female,33,08/05/1991,5218 1960 0138,consistent|name_gender=female|face_age=33
output\real\real_synth_0002.jpg,0,real,synthetic,female,28,23/04/1997,8379 4026 5421,consistent|name_gender=female|face_age=28
output\real\real_synth_0003.jpg,0,real,synthetic,male,38,12/02/1988,7940 7816 1848,consistent|name_gender=male|face_age=38
output\real\real_synth_0004.jpg,0,real,synthetic,female,29,22/01/2000,5413 1647 5250,consistent|name_gender=female|face_age=29
output\real\real_synth_0005.jpg,0,real,synthetic,male,24,21/11/2000,3928 3276 4832,consistent|name_gender=male|face_age=24
output\real\real_synth_0006.jpg,0,real,synthetic,male,26,13/06/1997,6139 5376 7242,consistent|name_gender=male|face_age=26
output\real\real_synth_0007.jpg,0,real,synthetic,male,21,24/05/2004,8965 3287 1017,consistent|name_gender=male|face_age=21
output\real\real_synth_0008.jpg,0,real,synthetic,female,27,03/10/1999,8697 8480 1842,consistent|name_gender=female|face_age=27
output\real\real_synth_0009.jpg,0,real,synthetic,male,44,01/08/1984,6828 1489 3257,consistent|name_gender=male|face_age=44
output\real\real_synth_0010.jpg,0,real,synthetic,female,25,11/10/2004,9015 4303 9112,consistent|name_gender=female|face_age=25
output\real\real_synth_0011.jpg,0,real,synthetic,male,40,05/03/1983,9824 8963 8342,consistent|name_gender=male|face_age=40
output\real\real_synth_0012.jpg,0,real,synthetic,female,30,15/09/1996,3331 5098 3938,consistent|name_gender=female|face_age=30
output\real\real_synth_0013.jpg,0,real,synthetic,male,24,03/04/2005,2518 3473 8290,consistent|name_gender=male|face_age=24
output\real\real_synth_0014.jpg,0,real,synthetic,male,26,07/07/1997,3165 6670 1063,consistent|name_gender=male|face_age=26
output\real\real_synth_0015.jpg,0,real,synthetic,male,30,15/09/1998,4624 7317 8104,consistent|name_gender=male|face_age=30
output\real\real_synth_0016.jpg,0,real,synthetic,male,26,16/07/2002,9360 2606 4746,consistent|name_gender=male|face_age=26
output\real\real_synth_0017.jpg,0,real,synthetic,female,31,16/12/1993,4343 0980 5001,consistent|name_gender=female|face_age=31
output\real\real_synth_0018.jpg,0,real,synthetic,female,30,03/09/1999,4191 3619 3993,consistent|name_gender=female|face_age=30
output\real\real_synth_0019.jpg,0,real,synthetic,female,41,19/10/1983,7435 3462 4752,consistent|name_gender=female|face_age=41
output\real\real_synth_0020.jpg,0,real,synthetic,male,16,03/02/2009,5842 5135 4271,consistent|name_gender=male|face_age=16
output\real\real_synth_0021.jpg,0,real,synthetic,female,33,22/01/1992,6124 1182 4497,consistent|name_gender=female|face_age=33
output\real\real_synth_0022.jpg,0,real,synthetic,female,40,28/11/1984,6874 0164 0056,consistent|name_gender=female|face_age=40
output\real\real_synth_0023.jpg,0,real,synthetic,female,33,18/08/1991,8801 1280 5985,consistent|name_gender=female|face_age=33
output\real\real_synth_0024.jpg,0,real,synthetic,female,24,29/06/2003,2533 1586 9239,consistent|name_gender=female|face_age=24
output\real\real_synth_0025.jpg,0,real,synthetic,male,26,30/12/2002,7634 2160 7335,consistent|name_gender=male|face_age=26
output\real\real_synth_0026.jpg,0,real,synthetic,male,28,22/01/2000,5654 1458 6852,consistent|name_gender=male|face_age=28
output\real\real_synth_0027.jpg,0,real,synthetic,male,46,02/05/1979,3965 5698 1694,consistent|name_gender=male|face_age=46
output\real\real_synth_0028.jpg,0,real,synthetic,male,29,17/01/1997,5561 5951 4847,consistent|name_gender=male|face_age=29
output\real\real_synth_0029.jpg,0,real,synthetic,male,21,05/09/2006,5662 9946 8040,consistent|name_gender=male|face_age=21
output\real\real_synth_0030.jpg,0,real,synthetic,male,24,11/11/2001,9773 8721 4897,consistent|name_gender=male|face_age=24
output\real\real_synth_0031.jpg,0,real,synthetic,male,26,08/05/1998,5200 3791 7695,consistent|name_gender=male|face_age=26
output\real\real_synth_0032.jpg,0,real,synthetic,female,40,08/07/1986,4016 3287 0832,consistent|name_gender=female|face_age=40
output\real\real_synth_0033.jpg,0,real,synthetic,female,18,18/09/2006,7798 6872 7745,consistent|name_gender=female|face_age=18
output\real\real_synth_0034.jpg,0,real,synthetic,female,33,08/11/1993,6714 3455 8122,consistent|name_gender=female|face_age=33
output\real\real_synth_0035.jpg,0,real,synthetic,male,28,07/12/2000,3665 8760 3667,consistent|name_gender=male|face_age=28
output\real\real_synth_0036.jpg,0,real,synthetic,female,29,10/06/2000,8688 9373 4673,consistent|name_gender=female|face_age=29
output\real\real_synth_0037.jpg,0,real,synthetic,female,30,24/07/1994,4729 8069 9010,consistent|name_gender=female|face_age=30
output\real\real_synth_0038.jpg,0,real,synthetic,male,26,13/05/2003,7375 5646 4171,consistent|name_gender=male|face_age=26
output\real\real_synth_0039.jpg,0,real,synthetic,female,25,03/11/2003,2033 0923 2710,consistent|name_gender=female|face_age=25
output\real\real_synth_0040.jpg,0,real,synthetic,female,24,06/06/1999,3241 9049 6637,consistent|name_gender=female|face_age=24
output\real\real_synth_0041.jpg,0,real,synthetic,female,35,23/02/1993,6919 0586 5182,consistent|name_gender=female|face_age=35
output\real\real_synth_0042.jpg,0,real,synthetic,male,29,31/07/2000,7726 2849 8772,consistent|name_gender=male|face_age=29
output\real\real_synth_0043.jpg,0,real,synthetic,female,27,27/04/2000,3473 7996 5075,consistent|name_gender=female|face_age=27
output\real\real_synth_0044.jpg,0,real,synthetic,male,25,11/05/2002,6948 0831 3678,consistent|name_gender=male|face_age=25
output\real\real_synth_0045.jpg,0,real,synthetic,female,27,15/08/1997,2143 6349 5787,consistent|name_gender=female|face_age=27
output\real\real_synth_0046.jpg,0,real,synthetic,female,31,23/06/1996,9444 3135 1825,consistent|name_gender=female|face_age=31
output\real\real_synth_0047.jpg,0,real,synthetic,male,25,19/12/2002,6134 3524 0822,consistent|name_gender=male|face_age=25
output\real\real_synth_0048.jpg,0,real,synthetic,male,48,31/12/1979,4710 9477 7520,consistent|name_gender=male|face_age=48
output\real\real_synth_0049.jpg,0,real,synthetic,male,25,13/02/1998,9190 2294 1315,consistent|name_gender=male|face_age=25
output\real\real_synth_0050.jpg,0,real,synthetic,female,34,13/09/1994,9749 6499 0917,consistent|name_gender=female|face_age=34
output\real\real_synth_0051.jpg,0,real,synthetic,female,27,06/02/1997,5281 2067 9747,consistent|name_gender=female|face_age=27
output\real\real_synth_0052.jpg,0,real,synthetic,male,28,28/12/1999,9134 9361 8328,consistent|name_gender=male|face_age=28
output\real\real_synth_0053.jpg,0,real,synthetic,male,38,20/05/1990,6717 4648 8772,consistent|name_gender=male|face_age=38
output\real\real_synth_0054.jpg,0,real,synthetic,female,32,20/06/1992,6013 9904 9026,consistent|name_gender=female|face_age=32
output\real\real_synth_0055.jpg,0,real,synthetic,female,29,19/03/1998,8717 5655 1252,consistent|name_gender=female|face_age=29
output\real\real_synth_0056.jpg,0,real,synthetic,female,27,27/07/1997,2715 4516 8082,consistent|name_gender=female|face_age=27
output\real\real_synth_0057.jpg,0,real,synthetic,female,28,20/06/1997,9703 4824 7715,consistent|name_gender=female|face_age=28
output\real\real_synth_0058.jpg,0,real,synthetic,female,29,10/03/1995,2861 3171 2747,consistent|name_gender=female|face_age=29
output\real\real_synth_0059.jpg,0,real,synthetic,female,29,15/04/1997,4639 8214 6589,consistent|name_gender=female|face_age=29
output\real\real_synth_0060.jpg,0,real,synthetic,male,24,19/10/2003,9278 7558 8676,consistent|name_gender=male|face_age=24
output\real\real_synth_0061.jpg,0,real,synthetic,male,28,08/07/1997,8057 6627 0283,consistent|name_gender=male|face_age=28
output\real\real_synth_0062.jpg,0,real,synthetic,male,25,01/08/2000,4621 7459 6154,consistent|name_gender=male|face_age=25
output\real\real_synth_0063.jpg,0,real,synthetic,male,24,28/08/1999,2913 4316 1176,consistent|name_gender=male|face_age=24
output\real\real_synth_0064.jpg,0,real,synthetic,female,27,26/06/2002,2455 6238 6928,consistent|name_gender=female|face_age=27
output\real\real_synth_0065.jpg,0,real,synthetic,male,25,20/07/1998,5792 3747 4072,consistent|name_gender=male|face_age=25
output\real\real_synth_0066.jpg,0,real,synthetic,female,30,31/08/1999,7946 4743 6719,consistent|name_gender=female|face_age=30
output\real\real_synth_0067.jpg,0,real,synthetic,female,24,23/05/2001,6064 0909 7432,consistent|name_gender=female|face_age=24
output\real\real_synth_0068.jpg,0,real,synthetic,male,14,22/05/2011,4104 7095 2141,consistent|name_gender=male|face_age=14
output\real\real_synth_0069.jpg,0,real,synthetic,female,29,29/09/1999,7884 2474 5179,consistent|name_gender=female|face_age=29
output\real\real_synth_0070.jpg,0,real,synthetic,male,38,24/11/1985,8851 6048 1758,consistent|name_gender=male|face_age=38
output\real\real_synth_0071.jpg,0,real,synthetic,female,33,22/02/1994,5709 8593 1746,consistent|name_gender=female|face_age=33
output\real\real_synth_0072.jpg,0,real,synthetic,male,46,16/05/1983,3138 2675 8695,consistent|name_gender=male|face_age=46
output\real\real_synth_0073.jpg,0,real,synthetic,female,29,20/08/1994,8405 3773 5150,consistent|name_gender=female|face_age=29
output\real\real_synth_0074.jpg,0,real,synthetic,male,13,28/02/2015,9139 0053 2938,consistent|name_gender=male|face_age=13
output\real\real_synth_0075.jpg,0,real,synthetic,female,31,11/04/1997,4904 2284 2101,consistent|name_gender=female|face_age=31
output\real\real_synth_0076.jpg,0,real,synthetic,male,29,01/06/1996,4402 6811 7757,consistent|name_gender=male|face_age=29
output\real\real_synth_0077.jpg,0,real,synthetic,female,33,24/01/1992,6700 7661 7715,consistent|name_gender=female|face_age=33
output\real\real_synth_0078.jpg,0,real,synthetic,male,34,09/03/1995,7698 4789 6110,consistent|name_gender=male|face_age=34
output\real\real_synth_0079.jpg,0,real,synthetic,female,24,27/06/2002,9661 5654 5270,consistent|name_gender=female|face_age=24
output\real\real_synth_0080.jpg,0,real,synthetic,male,26,24/02/2000,7280 9885 1651,consistent|name_gender=male|face_age=26
output\real\real_synth_0081.jpg,0,real,synthetic,female,27,12/05/1998,3983 2731 5853,consistent|name_gender=female|face_age=27
output\real\real_synth_0082.jpg,0,real,synthetic,male,32,28/07/1991,2940 2445 5021,consistent|name_gender=male|face_age=32
output\real\real_synth_0083.jpg,0,real,synthetic,female,33,24/03/1996,2183 6675 2547,consistent|name_gender=female|face_age=33
output\real\real_synth_0084.jpg,0,real,synthetic,female,22,06/03/2007,2147 6797 6439,consistent|name_gender=female|face_age=22
output\real\real_synth_0085.jpg,0,real,synthetic,male,25,22/11/2002,9840 3690 0348,consistent|name_gender=male|face_age=25
output\real\real_synth_0086.jpg,0,real,synthetic,male,25,04/06/2002,2762 2683 8851,consistent|name_gender=male|face_age=25
output\real\real_synth_0087.jpg,0,real,synthetic,female,14,15/01/2012,3596 9664 1609,consistent|name_gender=female|face_age=14
output\real\real_synth_0088.jpg,0,real,synthetic,male,30,30/12/1996,7161 3696 8164,consistent|name_gender=male|face_age=30
output\real\real_synth_0089.jpg,0,real,synthetic,female,22,03/03/2005,3883 5523 1242,consistent|name_gender=female|face_age=22
output\real\real_synth_0090.jpg,0,real,synthetic,male,25,03/11/1998,4779 9799 5523,consistent|name_gender=male|face_age=25
output\real\real_synth_0091.jpg,0,real,synthetic,male,40,26/05/1984,6905 8147 7005,consistent|name_gender=male|face_age=40
output\real\real_synth_0092.jpg,0,real,synthetic,male,28,20/02/1995,8798 0793 5970,consistent|name_gender=male|face_age=28
output\real\real_synth_0093.jpg,0,real,synthetic,male,13,23/06/2010,3820 3778 8923,consistent|name_gender=male|face_age=13
output\real\real_synth_0094.jpg,0,real,synthetic,male,27,22/06/1999,2515 1864 4923,consistent|name_gender=male|face_age=27
output\real\real_synth_0095.jpg,0,real,synthetic,male,23,10/06/2005,8291 4865 2813,consistent|name_gender=male|face_age=23
output\real\real_synth_0096.jpg,0,real,synthetic,female,33,06/05/1994,5573 3221 4183,consistent|name_gender=female|face_age=33
output\real\real_synth_0097.jpg,0,real,synthetic,female,27,13/10/2001,4229 2706 5379,consistent|name_gender=female|face_age=27
output\real\real_synth_0098.jpg,0,real,synthetic,female,33,31/05/1995,9359 7746 8867,consistent|name_gender=female|face_age=33
output\real\real_synth_0099.jpg,0,real,synthetic,male,32,02/05/1996,9581 8141 2477,consistent|name_gender=male|face_age=32
output\real\real_synth_0100.jpg,0,real,synthetic,female,18,29/08/2005,7060 6853 6156,consistent|name_gender=female|face_age=18
output\real\real_synth_0101.jpg,0,real,synthetic,male,26,21/12/1997,7220 4727 7903,consistent|name_gender=male|face_age=26
output\real\real_synth_0102.jpg,0,real,synthetic,male,34,18/03/1989,8143 4103 6976,consistent|name_gender=male|face_age=34
output\real\real_synth_0103.jpg,0,real,synthetic,male,44,21/01/1981,5246 0953 9626,consistent|name_gender=male|face_age=44
output\real\real_synth_0104.jpg,0,real,synthetic,female,25,17/09/2000,2670 6540 5156,consistent|name_gender=female|face_age=25
output\real\real_synth_0105.jpg,0,real,synthetic,female,27,24/10/2002,7205 8527 7228,consistent|name_gender=female|face_age=27
output\real\real_synth_0106.jpg,0,real,synthetic,female,40,07/05/1989,2305 4868 7407,consistent|name_gender=female|face_age=40
output\real\real_synth_0107.jpg,0,real,synthetic,male,28,11/11/1995,6156 6765 2777,consistent|name_gender=male|face_age=28
output\real\real_synth_0108.jpg,0,real,synthetic,female,29,03/07/1995,8928 4511 5440,consistent|name_gender=female|face_age=29
output\real\real_synth_0109.jpg,0,real,synthetic,female,28,15/12/2000,7705 9640 1656,consistent|name_gender=female|face_age=28
output\real\real_synth_0110.jpg,0,real,synthetic,male,26,02/08/1998,4135 5690 9273,consistent|name_gender=male|face_age=26
output\real\real_synth_0111.jpg,0,real,synthetic,male,27,17/03/1998,7654 3102 7868,consistent|name_gender=male|face_age=27
output\real\real_synth_0112.jpg,0,real,synthetic,male,30,07/08/1994,6731 2172 7159,consistent|name_gender=male|face_age=30
output\real\real_synth_0113.jpg,0,real,synthetic,female,33,29/05/1992,6225 8313 2376,consistent|name_gender=female|face_age=33
output\real\real_synth_0114.jpg,0,real,synthetic,male,24,26/08/2003,4911 4678 6692,consistent|name_gender=male|face_age=24
output\real\real_synth_0115.jpg,0,real,synthetic,male,23,15/08/2006,7289 2268 0180,consistent|name_gender=male|face_age=23
output\real\real_synth_0116.jpg,0,real,synthetic,male,23,08/12/2004,7841 4384 2499,consistent|name_gender=male|face_age=23
output\real\real_synth_0117.jpg,0,real,synthetic,female,30,05/10/1995,4995 9001 0948,consistent|name_gender=female|face_age=30
output\real\real_synth_0118.jpg,0,real,synthetic,female,34,16/01/1990,6473 6471 0272,consistent|name_gender=female|face_age=34
output\real\real_synth_0119.jpg,0,real,synthetic,female,28,05/10/1999,7556 2588 1530,consistent|name_gender=female|face_age=28
output\real\real_synth_0120.jpg,0,real,synthetic,male,24,04/03/2004,2469 6325 9530,consistent|name_gender=male|face_age=24
output\real\real_synth_0121.jpg,0,real,synthetic,female,32,16/05/1994,2168 7339 5001,consistent|name_gender=female|face_age=32
output\real\real_synth_0122.jpg,0,real,synthetic,female,15,10/08/2009,2162 4565 0604,consistent|name_gender=female|face_age=15
output\real\real_synth_0123.jpg,0,real,synthetic,male,24,17/07/2005,9849 9121 6559,consistent|name_gender=male|face_age=24
output\real\real_synth_0124.jpg,0,real,synthetic,male,38,17/07/1987,2002 5787 2985,consistent|name_gender=male|face_age=38
output\real\real_synth_0125.jpg,0,real,synthetic,male,21,20/07/2007,6958 8879 4700,consistent|name_gender=male|face_age=21
output\real\real_synth_0126.jpg,0,real,synthetic,male,29,10/10/1997,2974 9930 9724,consistent|name_gender=male|face_age=29
output\real\real_synth_0127.jpg,0,real,synthetic,male,41,19/01/1987,3307 5626 3682,consistent|name_gender=male|face_age=41
output\real\real_synth_0128.jpg,0,real,synthetic,female,30,17/03/1994,5857 8652 7850,consistent|name_gender=female|face_age=30
output\real\real_synth_0129.jpg,0,real,synthetic,female,30,26/11/1994,6973 3484 3441,consistent|name_gender=female|face_age=30
output\real\real_synth_0130.jpg,0,real,synthetic,female,27,12/08/2000,6419 8665 2402,consistent|name_gender=female|face_age=27
output\real\real_synth_0131.jpg,0,real,synthetic,female,24,09/11/2002,9338 4842 1997,consistent|name_gender=female|face_age=24
output\real\real_synth_0132.jpg,0,real,synthetic,male,26,21/04/1999,5016 5712 0824,consistent|name_gender=male|face_age=26
output\real\real_synth_0133.jpg,0,real,synthetic,female,32,25/04/1992,6540 1938 0268,consistent|name_gender=female|face_age=32
output\real\real_synth_0134.jpg,0,real,synthetic,male,28,31/12/2000,6004 9915 4780,consistent|name_gender=male|face_age=28
output\real\real_synth_0135.jpg,0,real,synthetic,male,26,26/04/2001,3527 4205 4935,consistent|name_gender=male|face_age=26
output\real\real_synth_0136.jpg,0,real,synthetic,female,33,17/07/1990,7161 2275 3041,consistent|name_gender=female|face_age=33
output\real\real_synth_0137.jpg,0,real,synthetic,male,28,19/05/1999,2453 0174 2689,consistent|name_gender=male|face_age=28
output\real\real_synth_0138.jpg,0,real,synthetic,female,27,20/06/2000,5327 2795 6870,consistent|name_gender=female|face_age=27
output\real\real_synth_0139.jpg,0,real,synthetic,male,21,17/02/2002,9851 9108 8395,consistent|name_gender=male|face_age=21
output\real\real_synth_0140.jpg,0,real,synthetic,male,23,22/02/2003,5971 8707 2860,consistent|name_gender=male|face_age=23
output\real\real_synth_0141.jpg,0,real,synthetic,female,33,26/11/1993,6064 0391 0659,consistent|name_gender=female|face_age=33
output\real\real_synth_0142.jpg,0,real,synthetic,female,25,10/01/2001,8226 5676 6185,consistent|name_gender=female|face_age=25
output\real\real_synth_0143.jpg,0,real,synthetic,female,32,13/09/1996,4300 4786 8631,consistent|name_gender=female|face_age=32
output\real\real_synth_0144.jpg,0,real,synthetic,female,34,30/04/1993,3069 0331 1900,consistent|name_gender=female|face_age=34
output\real\real_synth_0145.jpg,0,real,synthetic,female,32,08/01/1991,2673 8302 8437,consistent|name_gender=female|face_age=32
output\real\real_synth_0146.jpg,0,real,synthetic,female,29,08/06/1994,6283 6440 8928,consistent|name_gender=female|face_age=29
output\real\real_synth_0147.jpg,0,real,synthetic,female,28,22/11/1999,8856 6246 2878,consistent|name_gender=female|face_age=28
output\real\real_synth_0148.jpg,0,real,synthetic,male,47,30/08/1981,2866 8826 3439,consistent|name_gender=male|face_age=47
output\real\real_synth_0149.jpg,0,real,synthetic,female,31,03/06/1992,5046 9901 3981,consistent|name_gender=female|face_age=31
output\real\real_synth_0150.jpg,0,real,synthetic,female,30,07/01/1997,5173 9363 8549,consistent|name_gender=female|face_age=30
output\real\real_synth_0151.jpg,0,real,synthetic,female,24,09/05/2003,7877 1753 5560,consistent|name_gender=female|face_age=24
output\real\real_synth_0152.jpg,0,real,synthetic,female,33,09/01/1995,8423 5369 3781,consistent|name_gender=female|face_age=33
output\real\real_synth_0153.jpg,0,real,synthetic,male,29,24/11/1995,9725 2287 2805,consistent|name_gender=male|face_age=29
output\real\real_synth_0154.jpg,0,real,synthetic,male,31,14/01/1998,4312 0387 5092,consistent|name_gender=male|face_age=31
output\real\real_synth_0155.jpg,0,real,synthetic,female,57,18/09/1972,8008 4840 8628,consistent|name_gender=female|face_age=57
output\real\real_synth_0156.jpg,0,real,synthetic,male,30,20/04/1998,6546 1567 9338,consistent|name_gender=male|face_age=30
output\real\real_synth_0157.jpg,0,real,synthetic,female,27,25/11/1997,2166 6870 0213,consistent|name_gender=female|face_age=27
output\real\real_synth_0158.jpg,0,real,synthetic,female,18,17/02/2007,2339 7401 4895,consistent|name_gender=female|face_age=18
output\real\real_synth_0159.jpg,0,real,synthetic,male,26,05/10/2002,8142 9396 8564,consistent|name_gender=male|face_age=26
output\real\real_synth_0160.jpg,0,real,synthetic,female,27,12/12/1998,2163 1599 9650,consistent|name_gender=female|face_age=27
output\real\real_synth_0161.jpg,0,real,synthetic,female,34,12/04/1992,8629 6194 3118,consistent|name_gender=female|face_age=34
output\real\real_synth_0162.jpg,0,real,synthetic,male,29,05/11/1994,8551 1047 5411,consistent|name_gender=male|face_age=29
output\real\real_synth_0163.jpg,0,real,synthetic,male,35,18/09/1991,8101 5819 9567,consistent|name_gender=male|face_age=35
output\real\real_synth_0164.jpg,0,real,synthetic,male,34,24/02/1989,5982 6224 4471,consistent|name_gender=male|face_age=34
output\real\real_synth_0165.jpg,0,real,synthetic,male,44,10/07/1983,9154 3799 3712,consistent|name_gender=male|face_age=44
output\real\real_synth_0166.jpg,0,real,synthetic,male,23,13/10/2004,7756 9245 9378,consistent|name_gender=male|face_age=23
output\real\real_synth_0167.jpg,0,real,synthetic,male,26,23/12/2001,9935 6465 1933,consistent|name_gender=male|face_age=26
output\real\real_synth_0168.jpg,0,real,synthetic,female,25,15/12/2004,5741 6724 3423,consistent|name_gender=female|face_age=25
output\real\real_synth_0169.jpg,0,real,synthetic,female,16,19/08/2009,8886 8058 9110,consistent|name_gender=female|face_age=16
output\real\real_synth_0170.jpg,0,real,synthetic,female,57,20/11/1971,2965 6101 4388,consistent|name_gender=female|face_age=57
output\real\real_synth_0171.jpg,0,real,synthetic,female,33,19/11/1993,4507 1461 1257,consistent|name_gender=female|face_age=33
output\real\real_synth_0172.jpg,0,real,synthetic,male,33,12/08/1992,9177 5140 1058,consistent|name_gender=male|face_age=33
output\real\real_synth_0173.jpg,0,real,synthetic,female,30,17/04/1994,4825 8673 6220,consistent|name_gender=female|face_age=30
output\real\real_synth_0174.jpg,0,real,synthetic,female,14,15/04/2011,8603 3419 1826,consistent|name_gender=female|face_age=14
output\real\real_synth_0175.jpg,0,real,synthetic,male,21,22/05/2008,9859 6969 1555,consistent|name_gender=male|face_age=21
output\real\real_synth_0176.jpg,0,real,synthetic,female,41,30/05/1983,3251 3412 5283,consistent|name_gender=female|face_age=41
output\real\real_synth_0177.jpg,0,real,synthetic,female,34,14/07/1991,4782 8274 2256,consistent|name_gender=female|face_age=34
output\real\real_synth_0178.jpg,0,real,synthetic,female,41,05/08/1988,5688 7676 7724,consistent|name_gender=female|face_age=41
output\real\real_synth_0179.jpg,0,real,synthetic,female,33,09/01/1994,5842 7978 8194,consistent|name_gender=female|face_age=33
output\real\real_synth_0180.jpg,0,real,synthetic,male,26,18/06/1997,2783 6134 0742,consistent|name_gender=male|face_age=26
output\real\real_synth_0181.jpg,0,real,synthetic,male,35,07/04/1988,7962 9233 0951,consistent|name_gender=male|face_age=35
output\real\real_synth_0182.jpg,0,real,synthetic,female,40,10/12/1987,6948 1260 4221,consistent|name_gender=female|face_age=40
output\real\real_synth_0183.jpg,0,real,synthetic,male,41,25/04/1982,8729 4667 1165,consistent|name_gender=male|face_age=41
output\real\real_synth_0184.jpg,0,real,synthetic,female,27,19/06/1999,2175 1863 6374,consistent|name_gender=female|face_age=27
output\real\real_synth_0185.jpg,0,real,synthetic,male,34,05/10/1991,9500 1701 2773,consistent|name_gender=male|face_age=34
output\real\real_synth_0186.jpg,0,real,synthetic,female,30,10/11/1998,4415 4152 0648,consistent|name_gender=female|face_age=30
output\real\real_synth_0187.jpg,0,real,synthetic,female,30,01/02/1994,5712 9387 0053,consistent|name_gender=female|face_age=30
output\real\real_synth_0188.jpg,0,real,synthetic,female,31,08/02/1995,8111 5542 6228,consistent|name_gender=female|face_age=31
output\real\real_synth_0189.jpg,0,real,synthetic,female,30,06/11/1995,9532 6973 1123,consistent|name_gender=female|face_age=30
output\real\real_synth_0190.jpg,0,real,synthetic,female,29,11/07/1998,4341 3899 9408,consistent|name_gender=female|face_age=29
output\real\real_synth_0191.jpg,0,real,synthetic,male,25,24/04/2000,8403 7613 7912,consistent|name_gender=male|face_age=25
output\real\real_synth_0192.jpg,0,real,synthetic,male,24,14/10/2002,7827 1091 0434,consistent|name_gender=male|face_age=24
output\real\real_synth_0193.jpg,0,real,synthetic,male,13,21/05/2012,8661 8892 4141,consistent|name_gender=male|face_age=13
output\real\real_synth_0194.jpg,0,real,synthetic,female,33,13/06/1992,3463 0316 1798,consistent|name_gender=female|face_age=33
output\real\real_synth_0195.jpg,0,real,synthetic,male,26,06/12/1998,3020 2758 8428,consistent|name_gender=male|face_age=26
output\real\real_synth_0196.jpg,0,real,synthetic,male,23,25/02/2001,2564 8149 1777,consistent|name_gender=male|face_age=23
output\real\real_synth_0197.jpg,0,real,synthetic,male,26,06/06/2002,6191 3800 0301,consistent|name_gender=male|face_age=26
output\real\real_synth_0198.jpg,0,real,synthetic,male,25,18/01/2003,8353 6541 9518,consistent|name_gender=male|face_age=25
output\real\real_synth_0199.jpg,0,real,synthetic,male,26,03/07/2003,9445 1870 5348,consistent|name_gender=male|face_age=26
output\real\real_synth_0200.jpg,0,real,synthetic,female,32,19/06/1994,9383 2060 3856,consistent|name_gender=female|face_age=32
output\fake\fake_0001.jpg,1,fake,synthetic,male,23,24/12/2003,6138 3670 2416,cats=structural+text_tampering|card_gender=Male|face_gender=male
output\fake\fake_0002.jpg,1,fake,synthetic,male,34,15/04/2021,7574 3132 9128,cats=semantic+text_tampering|card_gender=Male|face_gender=male
output\fake\fake_0003.jpg,1,fake,synthetic,female,31,27/04/1998,7213 5680 4423,cats=border_crop+structural|card_gender=Female|face_gender=female
output\fake\fake_0004.jpg,1,fake,synthetic,female,46,03/11/1978,8706 6253 2442 0,cats=semantic+structural+face_tampering|card_gender=Female|face_gender=female
output\fake\fake_0005.jpg,1,fake,synthetic,female,30,05/07/1997,8383 8065 7879,cats=structural+text_tampering+face_tampering|card_gender=Female|face_gender=female
output\fake\fake_0006.jpg,1,fake,synthetic,male,21,27/09/2006,2396 5223 9550,cats=image_quality+face_tampering|card_gender=Male|face_gender=male
output\fake\fake_0007.jpg,1,fake,synthetic,male,28,16/09/2001,2593 2525 0029,cats=image_quality+structural|card_gender=Male|face_gender=male
output\fake\fake_0008.jpg,1,fake,synthetic,male,23,08/10/2021,8752 8953 9267,cats=image_quality+partial_editing+semantic|card_gender=Female|face_gender=male
output\fake\fake_0009.jpg,1,fake,synthetic,female,33,15/06/1991,2433 1541 0066,cats=image_quality+border_crop+structural|card_gender=Female|face_gender=female
output\fake\fake_0010.jpg,1,fake,synthetic,male,24,27/05/2021,6443 1069 87,cats=semantic+partial_editing+image_quality|card_gender=Male|face_gender=male
output\fake\fake_0011.jpg,1,fake,synthetic,male,30,28/08/1999,3467 7418 6252,cats=face_tampering+partial_editing+text_tampering|card_gender=Male|face_gender=male
output\fake\fake_0012.jpg,1,fake,synthetic,female,28,02/09/2000,8868 7937 4165,cats=text_tampering+structural|card_gender=Female|face_gender=female
output\fake\fake_0013.jpg,1,fake,synthetic,male,23,05/11/2005,8162 2999 11,cats=structural+semantic+image_quality|card_gender=Male|face_gender=male
output\fake\fake_0014.jpg,1,fake,synthetic,female,25,29/07/2004,7307 4505 4443,cats=structural+image_quality+border_crop|card_gender=Female|face_gender=female
output\fake\fake_0015.jpg,1,fake,synthetic,female,32,27/06/1991,2821 4862 8905,cats=partial_editing+image_quality|card_gender=Female|face_gender=female
output\fake\fake_0016.jpg,1,fake,synthetic,male,28,21/07/1997,3406 0293 3336 8,cats=face_tampering+structural+partial_editing|card_gender=Male|face_gender=male
output\fake\fake_0017.jpg,1,fake,synthetic,male,16,20/03/2008,2349 4466 5742,cats=text_tampering+image_quality|card_gender=Male|face_gender=male
output\fake\fake_0018.jpg,1,fake,synthetic,female,29,13/10/2000,7207 4466 6092,cats=face_tampering+image_quality|card_gender=Female|face_gender=female
output\fake\fake_0019.jpg,1,fake,synthetic,male,25,24/03/2001,3738 1684 60,cats=partial_editing+structural+text_tampering|card_gender=Male|face_gender=male
output\fake\fake_0020.jpg,1,fake,synthetic,male,26,15/01/2003,5505 8300 3352 1,cats=face_tampering+text_tampering+semantic|card_gender=Male|face_gender=male
output\fake\fake_0021.jpg,1,fake,synthetic,male,26,06/04/2001,8033 2309 8216,cats=image_quality+face_tampering+text_tampering|card_gender=Male|face_gender=male
output\fake\fake_0022.jpg,1,fake,synthetic,female,27,16/09/1972,3849 9261 8916,cats=semantic+partial_editing+text_tampering|card_gender=Male|face_gender=female
output\fake\fake_0023.jpg,1,fake,synthetic,male,26,24/12/2003,3437 4470 1209,cats=face_tampering+image_quality+semantic|card_gender=Female|face_gender=male
output\fake\fake_0024.jpg,1,fake,synthetic,male,27,13/02/2001,8746 7621 2027,cats=face_tampering+text_tampering|card_gender=Male|face_gender=male
output\fake\fake_0025.jpg,1,fake,synthetic,female,16,14/02/2010,9014 5089 9357,cats=face_tampering+image_quality|card_gender=Female|face_gender=female
output\fake\fake_0026.jpg,1,fake,synthetic,female,31,28/08/1992,9177 5170 16,cats=face_tampering+partial_editing+text_tampering|card_gender=Female|face_gender=female
output\fake\fake_0027.jpg,1,fake,synthetic,male,33,28/04/1990,9589 9757 1134,cats=face_tampering+image_quality|card_gender=Male|face_gender=male
output\fake\fake_0028.jpg,1,fake,synthetic,male,30,30/09/2021,8373 5160 9171,cats=image_quality+border_crop+semantic|card_gender=Male|face_gender=male
output\fake\fake_0029.jpg,1,fake,synthetic,female,30,09/04/1994,6522 8851 5878 4,cats=image_quality+border_crop+partial_editing|card_gender=Female|face_gender=female
output\fake\fake_0030.jpg,1,fake,synthetic,male,25,24/01/1968,2571 9838 6387,cats=image_quality+semantic+face_tampering|card_gender=Male|face_gender=male
output\fake\fake_0031.jpg,1,fake,synthetic,male,28,20/12/1997,5347 2122 8167,cats=face_tampering+text_tampering|card_gender=Male|face_gender=male
output\fake\fake_0032.jpg,1,fake,synthetic,female,40,10/11/1985,9985 1583 2813,cats=face_tampering+text_tampering|card_gender=Female|face_gender=female
output\fake\fake_0033.jpg,1,fake,synthetic,male,24,26/09/1977,9801 5739 9308,cats=face_tampering+image_quality+semantic|card_gender=Male|face_gender=male
output\fake\fake_0034.jpg,1,fake,synthetic,female,27,18/09/2001,2133 6138 6125,cats=text_tampering+face_tampering|card_gender=Female|face_gender=female
output\fake\fake_0035.jpg,1,fake,synthetic,male,19,21/08/2007,3449 1476 60,cats=image_quality+semantic|card_gender=Male|face_gender=male
output\fake\fake_0036.jpg,1,fake,synthetic,male,38,21/12/1985,7368 2223 94,cats=partial_editing+image_quality|card_gender=Male|face_gender=male
output\fake\fake_0037.jpg,1,fake,synthetic,male,25,31/08/2000,7562 0533 64,cats=face_tampering+image_quality+semantic|card_gender=Male|face_gender=male
output\fake\fake_0038.jpg,1,fake,synthetic,male,23,09/04/2002,3108 0996 9309,cats=text_tampering+border_crop+image_quality|card_gender=Male|face_gender=male
output\fake\fake_0039.jpg,1,fake,synthetic,male,28,21/07/1964,7303 8567 7008,cats=semantic+border_crop+image_quality|card_gender=Male|face_gender=male
output\fake\fake_0040.jpg,1,fake,synthetic,male,34,08/03/1992,3843 2225 9130,cats=image_quality+text_tampering+partial_editing|card_gender=Male|face_gender=male
output\fake\fake_0041.jpg,1,fake,synthetic,male,23,20/07/2002,6257 9913 66,cats=image_quality+partial_editing|card_gender=Male|face_gender=male
output\fake\fake_0042.jpg,1,fake,synthetic,female,32,03/02/1993,3624 7314 9863 0,cats=partial_editing+image_quality+face_tampering|card_gender=Female|face_gender=female
output\fake\fake_0043.jpg,1,fake,synthetic,male,25,04/06/2001,4694 4869 5943,cats=image_quality+face_tampering+text_tampering|card_gender=Male|face_gender=male
output\fake\fake_0044.jpg,1,fake,synthetic,female,46,30/11/1955,2260 1279 6111,cats=partial_editing+semantic+face_tampering|card_gender=Female|face_gender=female
output\fake\fake_0045.jpg,1,fake,synthetic,male,24,23/09/2001,5920 5302 1463,cats=image_quality+face_tampering+partial_editing|card_gender=Male|face_gender=male
output\fake\fake_0046.jpg,1,fake,synthetic,female,33,08/05/1990,5769 0426 8188,cats=text_tampering+face_tampering|card_gender=Female|face_gender=female
output\fake\fake_0047.jpg,1,fake,synthetic,female,28,25/06/1995,9790 7141 6331,cats=face_tampering+text_tampering+image_quality|card_gender=Female|face_gender=female
output\fake\fake_0048.jpg,1,fake,synthetic,male,28,07/05/1995,5339 5211 1790,cats=image_quality+text_tampering|card_gender=Male|face_gender=male
output\fake\fake_0049.jpg,1,fake,synthetic,male,14,09/04/2021,8780 8562 7182,cats=partial_editing+semantic+image_quality|card_gender=Male|face_gender=male
output\fake\fake_0050.jpg,1,fake,synthetic,female,31,09/07/1996,9292 9314 3867,cats=partial_editing+image_quality+text_tampering|card_gender=Female|face_gender=female
output\fake\fake_0051.jpg,1,fake,synthetic,male,18,20/07/1976,6506 1593 9982,cats=border_crop+partial_editing|card_gender=Male|face_gender=male
output\fake\fake_0052.jpg,1,fake,synthetic,male,23,11/06/2005,5413 2611 17,cats=partial_editing+semantic|card_gender=Male|face_gender=male
output\fake\fake_0053.jpg,1,fake,synthetic,male,30,30/11/1999,8433 4722 8209,cats=image_quality+structural|card_gender=Male|face_gender=male
output\fake\fake_0054.jpg,1,fake,synthetic,female,29,01/05/2021,6578 3174 5643,cats=partial_editing+semantic|card_gender=Male|face_gender=female
output\fake\fake_0055.jpg,1,fake,synthetic,female,40,07/06/1985,6631 2241 7979 7,cats=image_quality+text_tampering+partial_editing|card_gender=Female|face_gender=female
output\fake\fake_0056.jpg,1,fake,synthetic,male,26,15/04/1972,8475 7051 2041,cats=semantic+text_tampering+partial_editing|card_gender=Male|face_gender=male
output\fake\fake_0057.jpg,1,fake,synthetic,female,29,26/10/2021,3474 3503 1363,cats=semantic+image_quality+text_tampering|card_gender=Female|face_gender=female
output\fake\fake_0058.jpg,1,fake,synthetic,male,13,23/03/2011,4182 7448 5702 0,cats=image_quality+partial_editing+semantic|card_gender=Male|face_gender=male
output\fake\fake_0059.jpg,1,fake,synthetic,female,26,22/09/2002,9829 4565 1189,cats=semantic+border_crop|card_gender=Male|face_gender=female
output\fake\fake_0060.jpg,1,fake,synthetic,male,14,30/01/2015,5717 0586 5099,cats=text_tampering+image_quality+semantic|card_gender=Female|face_gender=male
output\fake\fake_0061.jpg,1,fake,synthetic,female,33,23/08/1991,8122 8685 2890,cats=border_crop+structural+text_tampering|card_gender=Female|face_gender=female
output\fake\fake_0062.jpg,1,fake,synthetic,female,14,20/05/2015,2824 0433 5046,cats=semantic+text_tampering|card_gender=Male|face_gender=female
output\fake\fake_0063.jpg,1,fake,synthetic,male,25,27/10/1999,2604 8058 92,cats=border_crop+semantic+image_quality|card_gender=Male|face_gender=male
output\fake\fake_0064.jpg,1,fake,synthetic,male,38,02/12/1987,8416 8622 7836,cats=face_tampering+text_tampering+border_crop|card_gender=Male|face_gender=male
output\fake\fake_0065.jpg,1,fake,synthetic,male,28,15/03/1997,2335 2110 3924,cats=semantic+image_quality+face_tampering|card_gender=Female|face_gender=male
output\fake\fake_0066.jpg,1,fake,synthetic,female,16,01/11/2008,8980 4204 3940,cats=text_tampering+border_crop|card_gender=Female|face_gender=female
output\fake\fake_0067.jpg,1,fake,synthetic,male,25,21/01/2021,5878 0038 4579,cats=image_quality+semantic+face_tampering|card_gender=Male|face_gender=male
output\fake\fake_0068.jpg,1,fake,synthetic,male,33,24/02/1995,5248 2629 25,cats=face_tampering+semantic+image_quality|card_gender=Male|face_gender=male
output\fake\fake_0069.jpg,1,fake,synthetic,female,28,30/11/1996,6231 2209 9491,cats=text_tampering+partial_editing|card_gender=Female|face_gender=female
output\fake\fake_0070.jpg,1,fake,synthetic,male,47,30/01/1976,6633 3127 9753,cats=structural+face_tampering+image_quality|card_gender=Male|face_gender=male
output\fake\fake_0071.jpg,1,fake,synthetic,female,33,18/09/1995,4771 8129 8265 7,cats=text_tampering+face_tampering+semantic|card_gender=Female|face_gender=female
output\fake\fake_0072.jpg,1,fake,synthetic,male,25,26/12/1999,4111 7518 6896,cats=face_tampering+image_quality|card_gender=Male|face_gender=male
output\fake\fake_0073.jpg,1,fake,synthetic,female,24,14/08/2021,9421 2309 4074,cats=structural+text_tampering+semantic|card_gender=Female|face_gender=female
output\fake\fake_0074.jpg,1,fake,synthetic,male,44,02/06/1980,4099 4510 1627,cats=image_quality+text_tampering|card_gender=Male|face_gender=male
output\fake\fake_0075.jpg,1,fake,synthetic,female,30,05/08/1997,3458 6833 9012,cats=text_tampering+image_quality|card_gender=Female|face_gender=female
output\fake\fake_0076.jpg,1,fake,synthetic,male,23,07/03/1972,5966 0558 3037,cats=partial_editing+semantic+text_tampering|card_gender=Female|face_gender=male
output\fake\fake_0077.jpg,1,fake,synthetic,male,26,29/08/1998,7760 8495 8807,cats=text_tampering+face_tampering|card_gender=Male|face_gender=male
output\fake\fake_0078.jpg,1,fake,synthetic,male,46,23/06/1978,2461 7357 4380,cats=semantic+face_tampering+partial_editing|card_gender=Female|face_gender=male
output\fake\fake_0079.jpg,1,fake,synthetic,male,33,22/08/1960,3570 1840 9433 3,cats=partial_editing+semantic|card_gender=Male|face_gender=male
output\fake\fake_0080.jpg,1,fake,synthetic,male,22,16/01/1979,3385 8542 4939,cats=semantic+text_tampering|card_gender=Male|face_gender=male
output\fake\fake_0081.jpg,1,fake,synthetic,male,23,26/11/2001,6562 5577 01,cats=border_crop+semantic|card_gender=Male|face_gender=male
output\fake\fake_0082.jpg,1,fake,synthetic,male,21,18/05/2008,9696 3938 2768,cats=face_tampering+image_quality|card_gender=Male|face_gender=male
output\fake\fake_0083.jpg,1,fake,synthetic,female,29,11/08/1996,3724 6191 9651,cats=image_quality+semantic+partial_editing|card_gender=Male|face_gender=female
output\fake\fake_0084.jpg,1,fake,synthetic,female,25,10/11/2000,7140 3696 5666 8,cats=structural+border_crop+semantic|card_gender=Female|face_gender=female
output\fake\fake_0085.jpg,1,fake,synthetic,male,23,01/11/2006,4762 1267 9690,cats=face_tampering+image_quality|card_gender=Male|face_gender=male
output\fake\fake_0086.jpg,1,fake,synthetic,female,32,09/09/1992,6781 8913 7189 0,cats=border_crop+semantic+image_quality|card_gender=Female|face_gender=female
output\fake\fake_0087.jpg,1,fake,synthetic,male,23,21/01/2004,9929 0490 4718,cats=text_tampering+structural|card_gender=Male|face_gender=male
output\fake\fake_0088.jpg,1,fake,synthetic,male,18,02/02/2021,2512 9276 6372,cats=partial_editing+image_quality|card_gender=Male|face_gender=male
output\fake\fake_0089.jpg,1,fake,synthetic,female,25,19/11/1975,8047 6580 1859,cats=text_tampering+image_quality+partial_editing|card_gender=Female|face_gender=female
output\fake\fake_0090.jpg,1,fake,synthetic,male,29,22/02/1996,9534 4300 9108,cats=border_crop+image_quality|card_gender=Male|face_gender=male
output\fake\fake_0091.jpg,1,fake,synthetic,male,31,05/02/2021,8391 7410 1197 0,cats=semantic+border_crop+partial_editing|card_gender=Male|face_gender=male
output\fake\fake_0092.jpg,1,fake,synthetic,male,22,01/10/2004,8157 1732 03,cats=face_tampering+partial_editing+semantic|card_gender=Male|face_gender=male
output\fake\fake_0093.jpg,1,fake,synthetic,male,44,16/05/1980,9005 0506 1388,cats=border_crop+structural+text_tampering|card_gender=Male|face_gender=male
output\fake\fake_0094.jpg,1,fake,synthetic,male,30,03/06/2021,3179 9313 6565,cats=semantic+image_quality+text_tampering|card_gender=Male|face_gender=male
output\fake\fake_0095.jpg,1,fake,synthetic,female,33,03/08/1996,2021 9467 2323,cats=text_tampering+face_tampering+border_crop|card_gender=Female|face_gender=female
output\fake\fake_0096.jpg,1,fake,synthetic,female,28,04/01/1968,5403 1277 2202,cats=image_quality+partial_editing|card_gender=Female|face_gender=female
output\fake\fake_0097.jpg,1,fake,synthetic,female,27,07/03/1974,7635 3153 1364,cats=face_tampering+partial_editing|card_gender=Female|face_gender=female
output\fake\fake_0098.jpg,1,fake,synthetic,female,30,18/10/2021,7435 2090 4211,cats=text_tampering+semantic+face_tampering|card_gender=Female|face_gender=female
output\fake\fake_0099.jpg,1,fake,synthetic,female,35,24/01/1992,2686 7177 31,cats=border_crop+semantic+text_tampering|card_gender=Female|face_gender=female
output\fake\fake_0100.jpg,1,fake,synthetic,female,31,04/01/2021,9016 5804 6497,cats=image_quality+semantic|card_gender=Female|face_gender=female
output\fake\fake_0101.jpg,1,fake,synthetic,female,33,20/08/2021,3793 3554 8640,cats=semantic+face_tampering|card_gender=Female|face_gender=female
output\fake\fake_0102.jpg,1,fake,synthetic,female,27,03/08/2001,3624 1124 1274,cats=structural+text_tampering|card_gender=Female|face_gender=female
output\fake\fake_0103.jpg,1,fake,synthetic,male,34,25/05/2021,7695 5798 8771,cats=text_tampering+structural+partial_editing|card_gender=Male|face_gender=male
output\fake\fake_0104.jpg,1,fake,synthetic,male,46,15/03/1979,6523 8055 2577,cats=text_tampering+semantic|card_gender=Female|face_gender=male
output\fake\fake_0105.jpg,1,fake,synthetic,female,28,16/05/1996,6929 7517 0288,cats=partial_editing+face_tampering|card_gender=Female|face_gender=female
output\fake\fake_0106.jpg,1,fake,synthetic,male,26,17/10/2002,7626 5650 4557 8,cats=partial_editing+text_tampering+border_crop|card_gender=Male|face_gender=male
output\fake\fake_0107.jpg,1,fake,synthetic,female,16,16/05/2021,9300 2447 14,cats=semantic+image_quality+partial_editing|card_gender=Female|face_gender=female
output\fake\fake_0108.jpg,1,fake,synthetic,male,27,28/01/1998,6290 2572 5203,cats=face_tampering+image_quality+border_crop|card_gender=Male|face_gender=male
output\fake\fake_0109.jpg,1,fake,synthetic,male,23,12/12/2001,3895 2028 4578,cats=face_tampering+structural+semantic|card_gender=Female|face_gender=male
output\fake\fake_0110.jpg,1,fake,synthetic,female,34,14/02/1990,4342 3216 1106 0,cats=semantic+partial_editing+image_quality|card_gender=Male|face_gender=female
output\fake\fake_0111.jpg,1,fake,synthetic,female,27,09/02/1999,5342 8013 87,cats=semantic+image_quality+partial_editing|card_gender=Female|face_gender=female
output\fake\fake_0112.jpg,1,fake,synthetic,female,31,27/11/1961,7171 8275 4808,cats=face_tampering+semantic|card_gender=Female|face_gender=female
output\fake\fake_0113.jpg,1,fake,synthetic,female,31,07/07/1992,3215 3539 6137 4,cats=semantic+face_tampering|card_gender=Female|face_gender=female
output\fake\fake_0114.jpg,1,fake,synthetic,female,46,31/10/1978,8784 2711 4775,cats=image_quality+semantic|card_gender=Male|face_gender=female
output\fake\fake_0115.jpg,1,fake,synthetic,male,30,28/06/2021,9734 7784 8584,cats=border_crop+semantic|card_gender=Male|face_gender=male
output\fake\fake_0116.jpg,1,fake,synthetic,male,26,19/02/2000,9889 7782 8068,cats=text_tampering+border_crop+face_tampering|card_gender=Male|face_gender=male
output\fake\fake_0117.jpg,1,fake,synthetic,female,28,08/04/1996,8407 9056 96,cats=semantic+image_quality+face_tampering|card_gender=Female|face_gender=female
output\fake\fake_0118.jpg,1,fake,synthetic,female,29,12/05/1996,8371 8344 0493,cats=image_quality+border_crop+text_tampering|card_gender=Female|face_gender=female
output\fake\fake_0119.jpg,1,fake,synthetic,female,27,30/05/1999,8908 3572 3249,cats=face_tampering+structural+image_quality|card_gender=Female|face_gender=female
output\fake\fake_0120.jpg,1,fake,synthetic,female,25,22/06/1975,2324 2044 8204,cats=image_quality+semantic+structural|card_gender=Female|face_gender=female
output\fake\fake_0121.jpg,1,fake,synthetic,female,33,14/09/1967,3391 5596 3636,cats=semantic+partial_editing|card_gender=Female|face_gender=female
output\fake\fake_0122.jpg,1,fake,synthetic,male,21,23/08/2006,7409 0034 8643,cats=structural+image_quality+text_tampering|card_gender=Male|face_gender=male
output\fake\fake_0123.jpg,1,fake,synthetic,female,29,09/01/1997,3776 5612 4819,cats=face_tampering+image_quality+text_tampering|card_gender=Female|face_gender=female
output\fake\fake_0124.jpg,1,fake,synthetic,female,29,17/04/1999,5008 9317 34,cats=partial_editing+face_tampering+structural|card_gender=Female|face_gender=female
output\fake\fake_0125.jpg,1,fake,synthetic,male,35,01/02/1990,8771 3334 4764,cats=face_tampering+partial_editing|card_gender=Male|face_gender=male
output\fake\fake_0126.jpg,1,fake,synthetic,male,25,04/02/1967,5973 5971 0724,cats=border_crop+face_tampering+partial_editing|card_gender=Male|face_gender=male
output\fake\fake_0127.jpg,1,fake,synthetic,female,32,23/06/1967,6896 4652 8093,cats=partial_editing+text_tampering|card_gender=Female|face_gender=female
output\fake\fake_0128.jpg,1,fake,synthetic,male,32,12/08/2021,9771 2151 34,cats=semantic+partial_editing+image_quality|card_gender=Male|face_gender=male
output\fake\fake_0129.jpg,1,fake,synthetic,male,25,22/08/2003,9749 0509 75,cats=semantic+image_quality|card_gender=Male|face_gender=male
output\fake\fake_0130.jpg,1,fake,synthetic,female,22,20/11/1973,8423 6103 2663,cats=image_quality+border_crop+semantic|card_gender=Female|face_gender=female
output\fake\fake_0131.jpg,1,fake,synthetic,male,44,02/02/1982,7732 7881 4762,cats=structural+text_tampering|card_gender=Male|face_gender=male
output\fake\fake_0132.jpg,1,fake,synthetic,female,31,26/10/1960,6549 1801 7223,cats=semantic+face_tampering+image_quality|card_gender=Female|face_gender=female
output\fake\fake_0133.jpg,1,fake,synthetic,male,18,01/09/2008,2610 2776 9745,cats=image_quality+border_crop+semantic|card_gender=Female|face_gender=male
output\fake\fake_0134.jpg,1,fake,synthetic,female,26,21/02/2021,9601 2277 7078,cats=partial_editing+text_tampering|card_gender=Female|face_gender=female
output\fake\fake_0135.jpg,1,fake,synthetic,female,29,29/05/2000,8717 9576 0240,cats=text_tampering+face_tampering|card_gender=Female|face_gender=female
output\fake\fake_0136.jpg,1,fake,synthetic,female,29,12/01/2021,9293 4172 2320,cats=semantic+face_tampering+border_crop|card_gender=Female|face_gender=female
output\fake\fake_0137.jpg,1,fake,synthetic,female,41,16/04/1984,6550 8428 9104,cats=image_quality+border_crop+text_tampering|card_gender=Female|face_gender=female
output\fake\fake_0138.jpg,1,fake,synthetic,female,29,15/01/1964,6821 4565 3284,cats=image_quality+semantic+face_tampering|card_gender=Female|face_gender=female
output\fake\fake_0139.jpg,1,fake,synthetic,male,25,12/12/2021,2290 8466 8458,cats=semantic+partial_editing+text_tampering|card_gender=Female|face_gender=male
output\fake\fake_0140.jpg,1,fake,synthetic,female,33,25/06/1992,7101 7490 75,cats=structural+partial_editing|card_gender=Female|face_gender=female
output\fake\fake_0141.jpg,1,fake,synthetic,female,30,18/10/2021,5158 9357 1269,cats=semantic+structural+text_tampering|card_gender=Female|face_gender=female
output\fake\fake_0142.jpg,1,fake,synthetic,male,22,12/02/2021,9288 1377 0289,cats=structural+semantic+face_tampering|card_gender=Male|face_gender=male
output\fake\fake_0143.jpg,1,fake,synthetic,male,26,14/10/2002,2443 2701 8515,cats=face_tampering+text_tampering|card_gender=Male|face_gender=male
output\fake\fake_0144.jpg,1,fake,synthetic,female,34,05/08/1990,7199 6636 5800,cats=image_quality+structural+text_tampering|card_gender=Female|face_gender=female
output\fake\fake_0145.jpg,1,fake,synthetic,female,34,01/03/2017,9056 2608 5647,cats=semantic+partial_editing|card_gender=Male|face_gender=female
output\fake\fake_0146.jpg,1,fake,synthetic,female,30,29/07/1998,7461 0339 9378,cats=border_crop+partial_editing+text_tampering|card_gender=Female|face_gender=female
output\fake\fake_0147.jpg,1,fake,synthetic,female,25,31/07/2000,9007 9420 0743,cats=structural+face_tampering+image_quality|card_gender=Female|face_gender=female
output\fake\fake_0148.jpg,1,fake,synthetic,female,31,09/09/1993,4097 0026 87,cats=partial_editing+border_crop+face_tampering|card_gender=Female|face_gender=female
output\fake\fake_0149.jpg,1,fake,synthetic,male,24,29/08/1977,3753 7030 4532,cats=image_quality+partial_editing|card_gender=Male|face_gender=male
output\fake\fake_0150.jpg,1,fake,synthetic,female,14,16/09/2011,4839 9921 9216,cats=partial_editing+text_tampering|card_gender=Female|face_gender=female
output\fake\fake_0151.jpg,1,fake,synthetic,male,24,02/11/2000,9506 3519 03,cats=semantic+structural|card_gender=Male|face_gender=male
output\fake\fake_0152.jpg,1,fake,synthetic,female,27,14/08/2002,2954 3173 5051,cats=border_crop+image_quality|card_gender=Female|face_gender=female
output\fake\fake_0153.jpg,1,fake,synthetic,female,31,14/11/1994,3108 0466 1967,cats=structural+image_quality|card_gender=Female|face_gender=female
output\fake\fake_0154.jpg,1,fake,synthetic,female,29,04/02/1999,2919 3928 4567,cats=image_quality+face_tampering+partial_editing|card_gender=Female|face_gender=female
output\fake\fake_0155.jpg,1,fake,synthetic,male,41,23/12/2020,7089 2038 8069,cats=partial_editing+structural+image_quality|card_gender=Male|face_gender=male
output\fake\fake_0156.jpg,1,fake,synthetic,female,33,20/08/1995,5375 6362 0500,cats=face_tampering+text_tampering|card_gender=Female|face_gender=female
output\fake\fake_0157.jpg,1,fake,synthetic,male,25,11/03/1999,4896 1122 3385 5,cats=border_crop+partial_editing+image_quality|card_gender=Male|face_gender=male
output\fake\fake_0158.jpg,1,fake,synthetic,male,32,13/10/1962,3791 2868 5787,cats=semantic+image_quality+text_tampering|card_gender=Male|face_gender=male
output\fake\fake_0159.jpg,1,fake,synthetic,female,26,10/02/1997,9853 9078 9568,cats=text_tampering+face_tampering+image_quality|card_gender=Female|face_gender=female
output\fake\fake_0160.jpg,1,fake,synthetic,male,19,21/08/1973,4633 3738 9875 1,cats=semantic+partial_editing+image_quality|card_gender=Male|face_gender=male
output\fake\fake_0161.jpg,1,fake,synthetic,female,28,28/10/2000,8636 1863 7154 1,cats=partial_editing+semantic+image_quality|card_gender=Male|face_gender=female
output\fake\fake_0162.jpg,1,fake,synthetic,female,32,14/09/2020,6334 8170 5805,cats=partial_editing+structural|card_gender=Female|face_gender=female
output\fake\fake_0163.jpg,1,fake,synthetic,male,21,22/12/2005,9299 4938 7439,cats=border_crop+face_tampering|card_gender=Male|face_gender=male
output\fake\fake_0164.jpg,1,fake,synthetic,male,28,29/11/1999,2324 8413 76,cats=face_tampering+image_quality+semantic|card_gender=Male|face_gender=male
output\fake\fake_0165.jpg,1,fake,synthetic,female,29,17/04/1998,2701 7656 3605,cats=partial_editing+image_quality|card_gender=Female|face_gender=female
output\fake\fake_0166.jpg,1,fake,synthetic,female,29,06/03/1994,2912 4186 2109,cats=semantic+face_tampering+partial_editing|card_gender=Male|face_gender=female
output\fake\fake_0167.jpg,1,fake,synthetic,female,32,29/11/1992,3647 0900 6338,cats=structural+partial_editing+semantic|card_gender=Male|face_gender=female
output\fake\fake_0168.jpg,1,fake,synthetic,male,23,17/07/2006,3558 3938 6610,cats=partial_editing+face_tampering|card_gender=Male|face_gender=male
output\fake\fake_0169.jpg,1,fake,synthetic,female,30,06/06/1961,7715 0997 68,cats=partial_editing+semantic|card_gender=Female|face_gender=female
output\fake\fake_0170.jpg,1,fake,synthetic,female,29,24/04/1998,9524 5086 4035 3,cats=partial_editing+semantic+structural|card_gender=Female|face_gender=female
output\fake\fake_0171.jpg,1,fake,synthetic,female,34,06/07/2021,9423 3629 3443 4,cats=partial_editing+semantic|card_gender=Female|face_gender=female
output\fake\fake_0172.jpg,1,fake,synthetic,female,31,11/02/1964,4706 6149 8283,cats=partial_editing+text_tampering|card_gender=Female|face_gender=female
output\fake\fake_0173.jpg,1,fake,synthetic,female,30,02/08/1968,8016 9236 4585,cats=image_quality+face_tampering+semantic|card_gender=Female|face_gender=female
output\fake\fake_0174.jpg,1,fake,synthetic,female,25,14/12/1967,4011 6691 8365,cats=image_quality+partial_editing|card_gender=Female|face_gender=female
output\fake\fake_0175.jpg,1,fake,synthetic,male,24,01/05/2000,4701 1686 4621,cats=face_tampering+image_quality|card_gender=Male|face_gender=male
output\fake\fake_0176.jpg,1,fake,synthetic,male,44,26/03/1980,5771 0040 90,cats=partial_editing+face_tampering|card_gender=Male|face_gender=male
output\fake\fake_0177.jpg,1,fake,synthetic,female,28,25/08/1998,7965 5553 5664,cats=border_crop+structural|card_gender=Female|face_gender=female
output\fake\fake_0178.jpg,1,fake,synthetic,male,28,28/11/1996,9863 0505 0573,cats=text_tampering+face_tampering|card_gender=Male|face_gender=male
output\fake\fake_0179.jpg,1,fake,synthetic,female,27,23/04/1998,4898 0271 4870,cats=structural+border_crop|card_gender=Female|face_gender=female
output\fake\fake_0180.jpg,1,fake,synthetic,female,40,25/07/1987,6347 1287 1532,cats=image_quality+face_tampering|card_gender=Female|face_gender=female
output\fake\fake_0181.jpg,1,fake,synthetic,male,44,30/10/1980,5195 2569 0401,cats=structural+border_crop|card_gender=Male|face_gender=male
output\fake\fake_0182.jpg,1,fake,synthetic,male,16,27/03/2011,9374 6052 33,cats=text_tampering+image_quality+partial_editing|card_gender=Male|face_gender=male
output\fake\fake_0183.jpg,1,fake,synthetic,male,24,23/05/2003,5861 2590 4721,cats=face_tampering+text_tampering|card_gender=Male|face_gender=male
output\fake\fake_0184.jpg,1,fake,synthetic,male,24,26/11/2005,4662 0157 2018,cats=text_tampering+border_crop+image_quality|card_gender=Male|face_gender=male
output\fake\fake_0185.jpg,1,fake,synthetic,male,16,16/02/2013,5099 9741 9269,cats=border_crop+image_quality+partial_editing|card_gender=Male|face_gender=male
output\fake\fake_0186.jpg,1,fake,synthetic,female,27,26/08/1998,7102 9321 8409,cats=border_crop+text_tampering|card_gender=Female|face_gender=female
output\fake\fake_0187.jpg,1,fake,synthetic,male,23,23/04/2002,8184 4626 7142 8,cats=text_tampering+partial_editing|card_gender=Male|face_gender=male
output\fake\fake_0188.jpg,1,fake,synthetic,female,57,14/03/1968,4566 0931 4189,cats=image_quality+face_tampering|card_gender=Female|face_gender=female
output\fake\fake_0189.jpg,1,fake,synthetic,male,41,04/01/1986,8361 1284 9718,cats=image_quality+structural+text_tampering|card_gender=Male|face_gender=male
output\fake\fake_0190.jpg,1,fake,synthetic,female,30,22/01/1997,6468 3414 65,cats=partial_editing+border_crop+image_quality|card_gender=Female|face_gender=female
output\fake\fake_0191.jpg,1,fake,synthetic,female,30,16/08/1998,3609 3068 5382,cats=text_tampering+border_crop|card_gender=Female|face_gender=female
output\fake\fake_0192.jpg,1,fake,synthetic,female,28,24/01/2000,8348 0797 0509,cats=face_tampering+semantic+structural|card_gender=Male|face_gender=female
output\fake\fake_0193.jpg,1,fake,synthetic,female,30,16/02/1996,2243 7654 5620,cats=semantic+face_tampering+structural|card_gender=Male|face_gender=female
output\fake\fake_0194.jpg,1,fake,synthetic,male,44,13/03/1985,8211 0225 80,cats=image_quality+partial_editing+structural|card_gender=Male|face_gender=male
output\fake\fake_0195.jpg,1,fake,synthetic,female,41,08/03/1984,6143 6371 8926,cats=border_crop+text_tampering|card_gender=Female|face_gender=female
output\fake\fake_0196.jpg,1,fake,synthetic,male,25,11/04/2003,8708 6041 4546,cats=image_quality+partial_editing+structural|card_gender=Male|face_gender=male
output\fake\fake_0197.jpg,1,fake,synthetic,male,44,18/11/1985,4555 9895 3439,cats=semantic+image_quality+text_tampering|card_gender=Female|face_gender=male
output\fake\fake_0198.jpg,1,fake,synthetic,female,29,16/02/1997,8880 2942 4096,cats=image_quality+face_tampering|card_gender=Female|face_gender=female
output\fake\fake_0199.jpg,1,fake,synthetic,female,34,08/11/2021,5908 7884 4345,cats=text_tampering+semantic+partial_editing|card_gender=Male|face_gender=female
output\fake\fake_0200.jpg,1,fake,synthetic,male,21,24/05/2004,4694 5005 3422,cats=border_crop+text_tampering+image_quality|card_gender=Male|face_gender=male
