image_path,label,label_name,source,gender,age,name,father_name,dob,pan_num,notes
output_pan\real\pan_real_0001.jpg,0,real,synthetic,female,42,Ratna Pandey,Vignesh Pandey,10/08/1981,KYZPP2537G,consistent|gender=female|age=42|surname=Pandey
output_pan\real\pan_real_0002.jpg,0,real,synthetic,male,28,Shubham Banerjee,Siddharth Banerjee,18/12/1997,BIBPB8239Q,consistent|gender=male|age=28|surname=Banerjee
output_pan\real\pan_real_0003.jpg,0,real,synthetic,female,27,Aarti Bhat,Irfan Bhat,03/03/2002,PRGPB9334H,consistent|gender=female|age=27|surname=Bhat
output_pan\real\pan_real_0004.jpg,0,real,synthetic,female,27,Jayshree Walia,Rahul Walia,14/02/1998,ROIPW3347V,consistent|gender=female|age=27|surname=Walia
output_pan\real\pan_real_0005.jpg,0,real,synthetic,male,31,Pavan Urs,Dev Urs,05/07/1996,RHIPU0153O,consistent|gender=male|age=31|surname=Urs
output_pan\real\pan_real_0006.jpg,0,real,synthetic,male,26,Lalit Grewal,Rajesh Grewal,07/09/2003,NDJPG4003L,consistent|gender=male|age=26|surname=Grewal
output_pan\real\pan_real_0007.jpg,0,real,synthetic,male,22,Harish Agrawal,Sarang Agrawal,23/09/2001,HZUPA9087J,consistent|gender=male|age=22|surname=Agrawal
output_pan\real\pan_real_0008.jpg,0,real,synthetic,male,28,Amit Unni,Pradeep Unni,04/02/1999,TEHPU5618G,consistent|gender=male|age=28|surname=Unni
output_pan\real\pan_real_0009.jpg,0,real,synthetic,male,29,Dilip Thampi,Virat Thampi,09/08/1996,XVCPT4534B,consistent|gender=male|age=29|surname=Thampi
output_pan\real\pan_real_0010.jpg,0,real,synthetic,female,28,Richa Sharma,Shreyas Sharma,09/11/2000,ELSPS1833C,consistent|gender=female|age=28|surname=Sharma
output_pan\real\pan_real_0011.jpg,0,real,synthetic,female,31,Jyoti Namboothiri,Aakash Namboothiri,19/06/1998,OLBPN0654L,consistent|gender=female|age=31|surname=Namboothiri
output_pan\real\pan_real_0012.jpg,0,real,synthetic,male,26,Balaji Thomas,Sachin Thomas,12/02/1998,UWKPT3879F,consistent|gender=male|age=26|surname=Thomas
output_pan\real\pan_real_0013.jpg,0,real,synthetic,male,31,Tushar Shetty,Rohan Shetty,30/12/1997,IYUPS4372F,consistent|gender=male|age=31|surname=Shetty
output_pan\real\pan_real_0014.jpg,0,real,synthetic,male,29,Amit Gowda,Girish Gowda,28/01/1994,MFXPG5001Z,consistent|gender=male|age=29|surname=Gowda
output_pan\real\pan_real_0015.jpg,0,real,synthetic,female,27,Smita Mathew,Rohan Mathew,13/04/1997,IWZPM5754U,consistent|gender=female|age=27|surname=Mathew
output_pan\real\pan_real_0016.jpg,0,real,synthetic,male,25,Aniket Modi,Venkat Modi,11/09/1998,YCZPM9513I,consistent|gender=male|age=25|surname=Modi
output_pan\real\pan_real_0017.jpg,0,real,synthetic,female,30,Seema Singh,Rakesh Singh,24/06/1996,ULZPS6312S,consistent|gender=female|age=30|surname=Singh
output_pan\real\pan_real_0018.jpg,0,real,synthetic,female,31,Manjula Fernandez,Rahul Fernandez,01/07/1993,NURPF5968N,consistent|gender=female|age=31|surname=Fernandez
output_pan\real\pan_real_0019.jpg,0,real,synthetic,male,34,Ramakrishna Mehta,Sanjay Mehta,22/06/1991,WSHPM6692K,consistent|gender=male|age=34|surname=Mehta
output_pan\real\pan_real_0020.jpg,0,real,synthetic,male,41,Murali Dubey,Rishi Dubey,07/03/1984,KYRPD9325J,consistent|gender=male|age=41|surname=Dubey
output_pan\real\pan_real_0021.jpg,0,real,synthetic,male,28,Sumit Dubey,Aarav Dubey,07/05/1999,LPRPD7239O,consistent|gender=male|age=28|surname=Dubey
output_pan\real\pan_real_0022.jpg,0,real,synthetic,male,30,Shubham Panikar,Irfan Panikar,06/12/1996,RHRPP1531Y,consistent|gender=male|age=30|surname=Panikar
output_pan\real\pan_real_0023.jpg,0,real,synthetic,male,26,Venkat George,Naveen George,05/04/2002,AGMPG7462N,consistent|gender=male|age=26|surname=George
output_pan\real\pan_real_0024.jpg,0,real,synthetic,male,28,Hemant Sidhu,Ankit Sidhu,13/12/1996,MGRPS1747Y,consistent|gender=male|age=28|surname=Sidhu
output_pan\real\pan_real_0025.jpg,0,real,synthetic,female,33,Smita Rawat,Dinesh Rawat,17/12/1990,MOXPR7479E,consistent|gender=female|age=33|surname=Rawat
output_pan\real\pan_real_0026.jpg,0,real,synthetic,female,26,Gomathi Tripathi,Rajan Tripathi,11/10/1999,YXPPT8977O,consistent|gender=female|age=26|surname=Tripathi
output_pan\real\pan_real_0027.jpg,0,real,synthetic,male,25,Prashant Bhat,Tanmay Bhat,25/05/2001,GQTPB3920I,consistent|gender=male|age=25|surname=Bhat
output_pan\real\pan_real_0028.jpg,0,real,synthetic,female,31,Rekha Saxena,Sriram Saxena,09/04/1996,IXCPS3789M,consistent|gender=female|age=31|surname=Saxena
output_pan\real\pan_real_0029.jpg,0,real,synthetic,male,31,Santosh Namboothiri,Raghav Namboothiri,14/02/1997,KOKPN6884M,consistent|gender=male|age=31|surname=Namboothiri
output_pan\real\pan_real_0030.jpg,0,real,synthetic,female,30,Hema Walia,Vikram Walia,13/10/1993,MYHPW6866R,consistent|gender=female|age=30|surname=Walia
output_pan\real\pan_real_0031.jpg,0,real,synthetic,female,16,Swapna Narayana,Aakash Narayana,29/10/2007,FFLPN6372K,consistent|gender=female|age=16|surname=Narayana
output_pan\real\pan_real_0032.jpg,0,real,synthetic,male,23,Venkat Warrier,Aravind Warrier,06/12/2003,VXZPW6456S,consistent|gender=male|age=23|surname=Warrier
output_pan\real\pan_real_0033.jpg,0,real,synthetic,male,28,Naresh Bhatia,Rohan Bhatia,14/11/2001,DMBPB5364G,consistent|gender=male|age=28|surname=Bhatia
output_pan\real\pan_real_0034.jpg,0,real,synthetic,female,31,Tanvi Shukla,Vijayendra Shukla,09/07/1992,TVGPS7706A,consistent|gender=female|age=31|surname=Shukla
output_pan\real\pan_real_0035.jpg,0,real,synthetic,male,22,Aakash Narayana,Aditya Narayana,21/04/2005,BYBPN4052G,consistent|gender=male|age=22|surname=Narayana
output_pan\real\pan_real_0036.jpg,0,real,synthetic,male,31,Umesh Iyer,Santosh Iyer,16/03/1997,ROFPI6044F,consistent|gender=male|age=31|surname=Iyer
output_pan\real\pan_real_0037.jpg,0,real,synthetic,male,24,Ashok Wahan,Prashant Wahan,25/02/2000,VZCPW5112S,consistent|gender=male|age=24|surname=Wahan
output_pan\real\pan_real_0038.jpg,0,real,synthetic,female,27,Mansi Panikar,Himanshu Panikar,03/04/1997,PVGPP9838Z,consistent|gender=female|age=27|surname=Panikar
output_pan\real\pan_real_0039.jpg,0,real,synthetic,female,32,Sumitra Menon,Lalit Menon,12/01/1991,NRBPM0208N,consistent|gender=female|age=32|surname=Menon
output_pan\real\pan_real_0040.jpg,0,real,synthetic,female,32,Seema Desai,Nishant Desai,29/11/1995,VSLPD8818Y,consistent|gender=female|age=32|surname=Desai
output_pan\real\pan_real_0041.jpg,0,real,synthetic,male,30,Lakshya Patil,Nishant Patil,19/12/1993,GWVPP4570O,consistent|gender=male|age=30|surname=Patil
output_pan\real\pan_real_0042.jpg,0,real,synthetic,female,30,Yamini Philip,Lakshya Philip,22/10/1995,JAWPP7989G,consistent|gender=female|age=30|surname=Philip
output_pan\real\pan_real_0043.jpg,0,real,synthetic,female,34,Kalyani Dey,Virat Dey,29/05/1993,PWOPD1403H,consistent|gender=female|age=34|surname=Dey
output_pan\real\pan_real_0044.jpg,0,real,synthetic,female,33,Aditi Swamy,Vinit Swamy,23/04/1992,MSLPS1525J,consistent|gender=female|age=33|surname=Swamy
output_pan\real\pan_real_0045.jpg,0,real,synthetic,female,57,Sakshi Jacob,Srikanth Jacob,22/05/1971,PMNPJ9018K,consistent|gender=female|age=57|surname=Jacob
output_pan\real\pan_real_0046.jpg,0,real,synthetic,female,25,Hema Dey,Mohit Dey,09/05/2002,FSIPD3139G,consistent|gender=female|age=25|surname=Dey
output_pan\real\pan_real_0047.jpg,0,real,synthetic,male,38,Abhishek Prasad,Ishaan Prasad,25/10/1986,NHCPP4854H,consistent|gender=male|age=38|surname=Prasad
output_pan\real\pan_real_0048.jpg,0,real,synthetic,male,25,Dinesh Mondal,Akshat Mondal,18/12/2004,DBBPM2069U,consistent|gender=male|age=25|surname=Mondal
output_pan\real\pan_real_0049.jpg,0,real,synthetic,female,34,Seema Desai,Arjun Desai,16/05/1991,MIZPD7828D,consistent|gender=female|age=34|surname=Desai
output_pan\real\pan_real_0050.jpg,0,real,synthetic,male,23,Aniket Mehta,Vinit Mehta,21/10/2006,RDVPM1396H,consistent|gender=male|age=23|surname=Mehta
output_pan\real\pan_real_0051.jpg,0,real,synthetic,female,29,Drashti Menon,Aviral Menon,20/10/1997,UFNPM7254J,consistent|gender=female|age=29|surname=Menon
output_pan\real\pan_real_0052.jpg,0,real,synthetic,male,39,Parth Gill,Naveen Gill,02/10/1986,PTYPG3458I,consistent|gender=male|age=39|surname=Gill
output_pan\real\pan_real_0053.jpg,0,real,synthetic,male,51,Nikhil Unni,Harish Unni,18/03/1977,BALPU4772B,consistent|gender=male|age=51|surname=Unni
output_pan\real\pan_real_0054.jpg,0,real,synthetic,male,35,Kabir Mathew,Raghav Mathew,28/12/1992,LRYPM6966D,consistent|gender=male|age=35|surname=Mathew
output_pan\real\pan_real_0055.jpg,0,real,synthetic,male,25,Pranav Malik,Prakash Malik,27/05/2003,DBUPM7196D,consistent|gender=male|age=25|surname=Malik
output_pan\real\pan_real_0056.jpg,0,real,synthetic,female,29,Chitra Tripathi,Akshat Tripathi,31/07/1995,HOLPT7079X,consistent|gender=female|age=29|surname=Tripathi
output_pan\real\pan_real_0057.jpg,0,real,synthetic,female,28,Renuka Ghosh,Rohit Ghosh,08/02/2001,ZVOPG4416S,consistent|gender=female|age=28|surname=Ghosh
output_pan\real\pan_real_0058.jpg,0,real,synthetic,male,26,Aviral Kumar,Sourabh Kumar,17/08/2002,QXEPK8057C,consistent|gender=male|age=26|surname=Kumar
output_pan\real\pan_real_0059.jpg,0,real,synthetic,male,28,Ravi Dube,Tushar Dube,22/06/1999,CEKPD4723V,consistent|gender=male|age=28|surname=Dube
output_pan\real\pan_real_0060.jpg,0,real,synthetic,male,26,Rajiv Dubey,Aviral Dubey,15/01/1999,CGDPD8432A,consistent|gender=male|age=26|surname=Dubey
output_pan\real\pan_real_0061.jpg,0,real,synthetic,female,26,Ruchita Unni,Lakshya Unni,07/01/2000,NQMPU0846G,consistent|gender=female|age=26|surname=Unni
output_pan\real\pan_real_0062.jpg,0,real,synthetic,female,33,Niyati Paul,Manish Paul,29/08/1994,SDZPP2595J,consistent|gender=female|age=33|surname=Paul
output_pan\real\pan_real_0063.jpg,0,real,synthetic,female,33,Ananya Kapoor,Sumit Kapoor,08/02/1993,ZXLPK2523P,consistent|gender=female|age=33|surname=Kapoor
output_pan\real\pan_real_0064.jpg,0,real,synthetic,female,18,Meenakshi Urs,Irfan Urs,14/05/2006,VZGPU6285G,consistent|gender=female|age=18|surname=Urs
output_pan\real\pan_real_0065.jpg,0,real,synthetic,female,29,Foram Dhillon,Prashant Dhillon,09/02/1999,UWIPD0043J,consistent|gender=female|age=29|surname=Dhillon
output_pan\real\pan_real_0066.jpg,0,real,synthetic,female,25,Bhavana Swamy,Vinod Swamy,16/11/2000,WLMPS9043Y,consistent|gender=female|age=25|surname=Swamy
output_pan\real\pan_real_0067.jpg,0,real,synthetic,male,23,Girish Malik,Mohit Malik,23/04/2004,GJWPM0716K,consistent|gender=male|age=23|surname=Malik
output_pan\real\pan_real_0068.jpg,0,real,synthetic,male,34,Tanmay Narayana,Raghav Narayana,13/07/1989,ZUQPN8116B,consistent|gender=male|age=34|surname=Narayana
output_pan\real\pan_real_0069.jpg,0,real,synthetic,female,30,Monal Krishnan,Vinod Krishnan,28/02/1997,VCXPK2362N,consistent|gender=female|age=30|surname=Krishnan
output_pan\real\pan_real_0070.jpg,0,real,synthetic,female,33,Jyoti Kutty,Kunal Kutty,11/05/1993,QKCPK8743M,consistent|gender=female|age=33|surname=Kutty
output_pan\real\pan_real_0071.jpg,0,real,synthetic,female,32,Indira Das,Sriram Das,28/08/1991,OQGPD3728X,consistent|gender=female|age=32|surname=Das
output_pan\real\pan_real_0072.jpg,0,real,synthetic,male,28,Nishant Pillai,Rajesh Pillai,23/11/1995,WLSPP0754K,consistent|gender=male|age=28|surname=Pillai
output_pan\real\pan_real_0073.jpg,0,real,synthetic,male,33,Rishi Joshi,Mohan Joshi,05/07/1994,GKRPJ2786F,consistent|gender=male|age=33|surname=Joshi
output_pan\real\pan_real_0074.jpg,0,real,synthetic,female,27,Uma Nair,Girish Nair,08/11/1998,MPGPN7530I,consistent|gender=female|age=27|surname=Nair
output_pan\real\pan_real_0075.jpg,0,real,synthetic,female,29,Ananya Warrier,Aravind Warrier,22/05/1997,OBYPW6952W,consistent|gender=female|age=29|surname=Warrier
output_pan\real\pan_real_0076.jpg,0,real,synthetic,male,24,Mohit Abraham,Akshat Abraham,28/07/2004,MGOPA4838A,consistent|gender=male|age=24|surname=Abraham
output_pan\real\pan_real_0077.jpg,0,real,synthetic,female,32,Aishwarya Unni,Ishaan Unni,28/10/1997,RTBPU4690Y,consistent|gender=female|age=32|surname=Unni
output_pan\real\pan_real_0078.jpg,0,real,synthetic,female,30,Renuka Mathew,Aravind Mathew,21/04/1997,EGTPM1592U,consistent|gender=female|age=30|surname=Mathew
output_pan\real\pan_real_0079.jpg,0,real,synthetic,female,29,Kavya Pillai,Naveen Pillai,02/08/1994,PTCPP5353X,consistent|gender=female|age=29|surname=Pillai
output_pan\real\pan_real_0080.jpg,0,real,synthetic,female,46,Shalini Chauhan,Varun Chauhan,29/09/1982,ZNXPC4211P,consistent|gender=female|age=46|surname=Chauhan
output_pan\real\pan_real_0081.jpg,0,real,synthetic,male,25,Prashant Banerjee,Vijayendra Banerjee,15/02/1998,ZDZPB9132L,consistent|gender=male|age=25|surname=Banerjee
output_pan\real\pan_real_0082.jpg,0,real,synthetic,male,24,Karthik Pillai,Himanshu Pillai,18/05/2005,DJTPP9578M,consistent|gender=male|age=24|surname=Pillai
output_pan\real\pan_real_0083.jpg,0,real,synthetic,female,39,Kritika Bajwa,Amit Bajwa,16/04/1985,AWOPB1036U,consistent|gender=female|age=39|surname=Bajwa
output_pan\real\pan_real_0084.jpg,0,real,synthetic,female,25,Hema Tripathi,Akshat Tripathi,04/07/1999,DYHPT1903D,consistent|gender=female|age=25|surname=Tripathi
output_pan\real\pan_real_0085.jpg,0,real,synthetic,male,18,Vivek George,Pradeep George,12/08/2008,RTYPG9623X,consistent|gender=male|age=18|surname=George
output_pan\real\pan_real_0086.jpg,0,real,synthetic,female,31,Jyoti Murthy,Lokesh Murthy,27/02/1993,MKYPM6071G,consistent|gender=female|age=31|surname=Murthy
output_pan\real\pan_real_0087.jpg,0,real,synthetic,female,28,Asha Saxena,Dev Saxena,04/06/1995,ZJXPS0993M,consistent|gender=female|age=28|surname=Saxena
output_pan\real\pan_real_0088.jpg,0,real,synthetic,female,33,Sudha Agarwal,Vijay Agarwal,03/08/1990,RQPPA0829Z,consistent|gender=female|age=33|surname=Agarwal
output_pan\real\pan_real_0089.jpg,0,real,synthetic,male,23,Sachin Bose,Manish Bose,07/10/2000,BTFPB3818K,consistent|gender=male|age=23|surname=Bose
output_pan\real\pan_real_0090.jpg,0,real,synthetic,male,32,Vignesh Rajan,Rakesh Rajan,28/05/1997,ZZOPR1802V,consistent|gender=male|age=32|surname=Rajan
output_pan\real\pan_real_0091.jpg,0,real,synthetic,female,31,Nisha Verma,Arjun Verma,19/04/1996,IEBPV8620D,consistent|gender=female|age=31|surname=Verma
output_pan\real\pan_real_0092.jpg,0,real,synthetic,female,29,Sunita Narayana,Tanmay Narayana,17/06/1997,PLFPN8544J,consistent|gender=female|age=29|surname=Narayana
output_pan\real\pan_real_0093.jpg,0,real,synthetic,male,25,Prakash Shukla,Rohan Shukla,28/08/2004,KRMPS1205C,consistent|gender=male|age=25|surname=Shukla
output_pan\real\pan_real_0094.jpg,0,real,synthetic,female,29,Renuka Ghosh,Deepak Ghosh,09/03/2000,QPSPG9788Q,consistent|gender=female|age=29|surname=Ghosh
output_pan\real\pan_real_0095.jpg,0,real,synthetic,female,33,Varsha Banerjee,Faisal Banerjee,04/07/1992,UCRPB7047O,consistent|gender=female|age=33|surname=Banerjee
output_pan\real\pan_real_0096.jpg,0,real,synthetic,female,33,Aditi Mathew,Vijayendra Mathew,13/08/1990,KCLPM6133E,consistent|gender=female|age=33|surname=Mathew
output_pan\real\pan_real_0097.jpg,0,real,synthetic,male,23,Tanmay Thampi,Mihir Thampi,03/02/2006,LTJPT9116B,consistent|gender=male|age=23|surname=Thampi
output_pan\real\pan_real_0098.jpg,0,real,synthetic,female,27,Drashti Gill,Nitin Gill,04/11/2000,KWYPG0843J,consistent|gender=female|age=27|surname=Gill
output_pan\real\pan_real_0099.jpg,0,real,synthetic,male,21,Naveen Dhillon,Mohan Dhillon,17/10/2008,FRFPD5737R,consistent|gender=male|age=21|surname=Dhillon
output_pan\real\pan_real_0100.jpg,0,real,synthetic,male,24,Ajay Chakraborty,Aviral Chakraborty,08/10/2003,UVZPC9978V,consistent|gender=male|age=24|surname=Chakraborty
output_pan\real\pan_real_0101.jpg,0,real,synthetic,male,28,Hardik Namboothiri,Rohan Namboothiri,23/05/2000,TXJPN2348S,consistent|gender=male|age=28|surname=Namboothiri
output_pan\real\pan_real_0102.jpg,0,real,synthetic,male,28,Aniket Unni,Mihir Unni,21/12/2000,ZCNPU6879O,consistent|gender=male|age=28|surname=Unni
output_pan\real\pan_real_0103.jpg,0,real,synthetic,male,29,Harish Sen,Arvind Sen,11/12/1998,UOCPS2550F,consistent|gender=male|age=29|surname=Sen
output_pan\real\pan_real_0104.jpg,0,real,synthetic,female,22,Neha Grewal,Venkat Grewal,15/05/2007,RMLPG3532Y,consistent|gender=female|age=22|surname=Grewal
output_pan\real\pan_real_0105.jpg,0,real,synthetic,female,29,Ritu Modi,Ravi Modi,10/02/1997,RPNPM0745H,consistent|gender=female|age=29|surname=Modi
output_pan\real\pan_real_0106.jpg,0,real,synthetic,female,35,Jayshree Tiwari,Siddharth Tiwari,10/04/1994,YTTPT5376D,consistent|gender=female|age=35|surname=Tiwari
output_pan\real\pan_real_0107.jpg,0,real,synthetic,male,37,Shoaib Sharma,Prashant Sharma,05/03/1989,JSNPS1181M,consistent|gender=male|age=37|surname=Sharma
output_pan\real\pan_real_0108.jpg,0,real,synthetic,female,30,Kavya Prasad,Nishant Prasad,30/08/1999,CILPP6844J,consistent|gender=female|age=30|surname=Prasad
output_pan\real\pan_real_0109.jpg,0,real,synthetic,female,28,Sakshi Naidu,Vikram Naidu,26/03/1999,YLRPN1444N,consistent|gender=female|age=28|surname=Naidu
output_pan\real\pan_real_0110.jpg,0,real,synthetic,male,23,Sachin Rao,Nishant Rao,17/07/2002,CWTPR5457Y,consistent|gender=male|age=23|surname=Rao
output_pan\real\pan_real_0111.jpg,0,real,synthetic,female,30,Rekha Hegde,Irfan Hegde,17/02/1994,NXJPH3872D,consistent|gender=female|age=30|surname=Hegde
output_pan\real\pan_real_0112.jpg,0,real,synthetic,female,39,Manjula Rajan,Varun Rajan,05/10/1989,TREPR7602Y,consistent|gender=female|age=39|surname=Rajan
output_pan\real\pan_real_0113.jpg,0,real,synthetic,male,26,Aviral Bhatia,Satish Bhatia,30/11/2000,WQZPB5180E,consistent|gender=male|age=26|surname=Bhatia
output_pan\real\pan_real_0114.jpg,0,real,synthetic,male,28,Mihir Saxena,Tanmay Saxena,10/11/1998,UPJPS5086O,consistent|gender=male|age=28|surname=Saxena
output_pan\real\pan_real_0115.jpg,0,real,synthetic,male,23,Karan Srivastava,Siddharth Srivastava,03/05/2004,QZCPS7582S,consistent|gender=male|age=23|surname=Srivastava
output_pan\real\pan_real_0116.jpg,0,real,synthetic,male,21,Karthik Kapoor,Chandramohan Kapoor,30/08/2008,VQIPK8215E,consistent|gender=male|age=21|surname=Kapoor
output_pan\real\pan_real_0117.jpg,0,real,synthetic,male,24,Chetan Joshi,Amit Joshi,23/06/1999,CQBPJ7200Q,consistent|gender=male|age=24|surname=Joshi
output_pan\real\pan_real_0118.jpg,0,real,synthetic,male,26,Mahesh Parekh,Harish Parekh,30/06/2001,HKIPP5483C,consistent|gender=male|age=26|surname=Parekh
output_pan\real\pan_real_0119.jpg,0,real,synthetic,male,23,Rajesh Bose,Nitin Bose,10/07/2001,GWZPB5462C,consistent|gender=male|age=23|surname=Bose
output_pan\real\pan_real_0120.jpg,0,real,synthetic,male,24,Naresh Walia,Deepak Walia,31/05/2003,RRDPW5073R,consistent|gender=male|age=24|surname=Walia
output_pan\real\pan_real_0121.jpg,0,real,synthetic,male,23,Prakash Mishra,Karthik Mishra,22/03/2004,SYZPM6938Q,consistent|gender=male|age=23|surname=Mishra
output_pan\real\pan_real_0122.jpg,0,real,synthetic,male,32,Vikram Mondal,Bhaskar Mondal,31/03/1995,FYMPM2254E,consistent|gender=male|age=32|surname=Mondal
output_pan\real\pan_real_0123.jpg,0,real,synthetic,female,28,Meenakshi Shah,Vignesh Shah,25/09/2001,OTNPS2148T,consistent|gender=female|age=28|surname=Shah
output_pan\real\pan_real_0124.jpg,0,real,synthetic,male,25,Santosh Mishra,Harish Mishra,25/12/2003,QXSPM6732L,consistent|gender=male|age=25|surname=Mishra
output_pan\real\pan_real_0125.jpg,0,real,synthetic,female,40,Keerthi Panikar,Dev Panikar,10/10/1986,TUGPP5071Z,consistent|gender=female|age=40|surname=Panikar
output_pan\real\pan_real_0126.jpg,0,real,synthetic,female,31,Kiruthika Dube,Ankit Dube,19/11/1996,ZMHPD8240Q,consistent|gender=female|age=31|surname=Dube
output_pan\real\pan_real_0127.jpg,0,real,synthetic,male,38,Harish Chauhan,Rajiv Chauhan,05/10/1990,WBMPC9086D,consistent|gender=male|age=38|surname=Chauhan
output_pan\real\pan_real_0128.jpg,0,real,synthetic,female,20,Riddhi Urs,Vijay Urs,25/02/2007,ELNPU1503H,consistent|gender=female|age=20|surname=Urs
output_pan\real\pan_real_0129.jpg,0,real,synthetic,male,34,Ravi Srivastava,Rohan Srivastava,13/01/1992,NGZPS3679A,consistent|gender=male|age=34|surname=Srivastava
output_pan\real\pan_real_0130.jpg,0,real,synthetic,female,24,Lata Das,Sriram Das,26/06/2000,DAXPD2274Y,consistent|gender=female|age=24|surname=Das
output_pan\real\pan_real_0131.jpg,0,real,synthetic,female,32,Sadhana Hebbar,Chetan Hebbar,29/01/1993,CGVPH1822Y,consistent|gender=female|age=32|surname=Hebbar
output_pan\real\pan_real_0132.jpg,0,real,synthetic,male,27,Dev Agrawal,Akshat Agrawal,08/01/2002,KULPA8190T,consistent|gender=male|age=27|surname=Agrawal
output_pan\real\pan_real_0133.jpg,0,real,synthetic,female,15,Deepika Chaudhary,Suresh Chaudhary,08/10/2010,SHAPC3942S,consistent|gender=female|age=15|surname=Chaudhary
output_pan\real\pan_real_0134.jpg,0,real,synthetic,male,21,Sunil Chauhan,Ramakrishna Chauhan,17/02/2003,ZBNPC6398P,consistent|gender=male|age=21|surname=Chauhan
output_pan\real\pan_real_0135.jpg,0,real,synthetic,female,27,Sushma Kumar,Manoj Kumar,24/05/2000,AUIPK9534X,consistent|gender=female|age=27|surname=Kumar
output_pan\real\pan_real_0136.jpg,0,real,synthetic,male,25,Pradeep Bose,Rahul Bose,11/09/2002,VEUPB7841U,consistent|gender=male|age=25|surname=Bose
output_pan\real\pan_real_0137.jpg,0,real,synthetic,male,30,Sudhir D'Souza,Pradeep D'Souza,25/12/1999,YAFPD0687K,consistent|gender=male|age=30|surname=D'Souza
output_pan\real\pan_real_0138.jpg,0,real,synthetic,male,46,Irfan Mukherjee,Himanshu Mukherjee,16/09/1977,GTEPM0784U,consistent|gender=male|age=46|surname=Mukherjee
output_pan\real\pan_real_0139.jpg,0,real,synthetic,male,26,Hardik Bose,Vijay Bose,14/06/1997,XTXPB5555F,consistent|gender=male|age=26|surname=Bose
output_pan\real\pan_real_0140.jpg,0,real,synthetic,male,23,Srikanth Jain,Shoaib Jain,09/09/2004,USCPJ8938J,consistent|gender=male|age=23|surname=Jain
output_pan\real\pan_real_0141.jpg,0,real,synthetic,female,25,Seema Ghosh,Nikhil Ghosh,10/11/2002,HPLPG5760O,consistent|gender=female|age=25|surname=Ghosh
output_pan\real\pan_real_0142.jpg,0,real,synthetic,male,24,Arun Kumar,Mohan Kumar,09/07/2001,QUBPK5953Q,consistent|gender=male|age=24|surname=Kumar
output_pan\real\pan_real_0143.jpg,0,real,synthetic,female,30,Padmini Narayana,Harish Narayana,28/03/1999,PUAPN3867Y,consistent|gender=female|age=30|surname=Narayana
output_pan\real\pan_real_0144.jpg,0,real,synthetic,female,41,Shweta Pillai,Bhaskar Pillai,02/10/1985,PRYPP7274Y,consistent|gender=female|age=41|surname=Pillai
output_pan\real\pan_real_0145.jpg,0,real,synthetic,female,28,Bhoomi Shah,Pradeep Shah,13/06/1997,IHYPS3049P,consistent|gender=female|age=28|surname=Shah
output_pan\real\pan_real_0146.jpg,0,real,synthetic,male,32,Manoj Parekh,Nitin Parekh,25/05/1997,GLZPP8048G,consistent|gender=male|age=32|surname=Parekh
output_pan\real\pan_real_0147.jpg,0,real,synthetic,female,25,Divya Menon,Kunal Menon,29/03/2001,SZVPM5693W,consistent|gender=female|age=25|surname=Menon
output_pan\real\pan_real_0148.jpg,0,real,synthetic,male,33,Sumit Mehta,Aakash Mehta,28/05/1994,ESSPM5923Q,consistent|gender=male|age=33|surname=Mehta
output_pan\real\pan_real_0149.jpg,0,real,synthetic,female,34,Sonia Jacob,Varun Jacob,08/03/1989,UAOPJ7658Z,consistent|gender=female|age=34|surname=Jacob
output_pan\real\pan_real_0150.jpg,0,real,synthetic,female,24,Nisha Kapoor,Mahesh Kapoor,10/02/2005,KSMPK6709S,consistent|gender=female|age=24|surname=Kapoor
output_pan\real\pan_real_0151.jpg,0,real,synthetic,male,46,Manish Shah,Pavan Shah,15/02/1978,MNDPS2115N,consistent|gender=male|age=46|surname=Shah
output_pan\real\pan_real_0152.jpg,0,real,synthetic,male,16,Siddharth Kothari,Vijay Kothari,10/03/2009,EISPK8502J,consistent|gender=male|age=16|surname=Kothari
output_pan\real\pan_real_0153.jpg,0,real,synthetic,male,24,Rohit Nair,Varun Nair,09/09/2000,DHNPN9697S,consistent|gender=male|age=24|surname=Nair
output_pan\real\pan_real_0154.jpg,0,real,synthetic,male,25,Ramesh Sundar,Naresh Sundar,29/12/2000,PVOPS1331B,consistent|gender=male|age=25|surname=Sundar
output_pan\real\pan_real_0155.jpg,0,real,synthetic,female,25,Shakunthala Pillai,Hemant Pillai,07/11/2002,TKQPP8939J,consistent|gender=female|age=25|surname=Pillai
output_pan\real\pan_real_0156.jpg,0,real,synthetic,female,31,Bhavana Pillai,Abhishek Pillai,13/11/1997,HBBPP6810P,consistent|gender=female|age=31|surname=Pillai
output_pan\real\pan_real_0157.jpg,0,real,synthetic,female,33,Savita Tripathi,Vijayendra Tripathi,11/03/1992,WIZPT6533E,consistent|gender=female|age=33|surname=Tripathi
output_pan\real\pan_real_0158.jpg,0,real,synthetic,female,35,Foram Chakraborty,Nitin Chakraborty,08/06/1994,MGGPC0830J,consistent|gender=female|age=35|surname=Chakraborty
output_pan\real\pan_real_0159.jpg,0,real,synthetic,male,33,Mahesh Pandey,Lokesh Pandey,27/03/1995,IPIPP8164Q,consistent|gender=male|age=33|surname=Pandey
output_pan\real\pan_real_0160.jpg,0,real,synthetic,female,18,Komal Tripathi,Naveen Tripathi,03/01/2008,YNZPT9558L,consistent|gender=female|age=18|surname=Tripathi
output_pan\real\pan_real_0161.jpg,0,real,synthetic,male,33,Aditya Gupta,Kabir Gupta,29/10/1993,VRHPG1762N,consistent|gender=male|age=33|surname=Gupta
output_pan\real\pan_real_0162.jpg,0,real,synthetic,male,22,Virat Subramaniam,Arun Subramaniam,12/07/2005,BBOPS9065J,consistent|gender=male|age=22|surname=Subramaniam
output_pan\real\pan_real_0163.jpg,0,real,synthetic,female,24,Megha Shah,Faisal Shah,09/09/2002,VQPPS1585M,consistent|gender=female|age=24|surname=Shah
output_pan\real\pan_real_0164.jpg,0,real,synthetic,female,25,Sumitra Chakraborty,Vijayendra Chakraborty,25/06/2000,DPKPC0743B,consistent|gender=female|age=25|surname=Chakraborty
output_pan\real\pan_real_0165.jpg,0,real,synthetic,male,29,Sriram Subramaniam,Sanjay Subramaniam,17/08/1994,LPNPS5219F,consistent|gender=male|age=29|surname=Subramaniam
output_pan\real\pan_real_0166.jpg,0,real,synthetic,male,44,Mahesh Tiwari,Chandramohan Tiwari,19/05/1979,IVNPT7781A,consistent|gender=male|age=44|surname=Tiwari
output_pan\real\pan_real_0167.jpg,0,real,synthetic,female,31,Richa Chakraborty,Venkat Chakraborty,19/07/1998,HXWPC9780P,consistent|gender=female|age=31|surname=Chakraborty
output_pan\real\pan_real_0168.jpg,0,real,synthetic,male,26,Ganesh John,Vignesh John,19/10/1997,FBMPJ2422V,consistent|gender=male|age=26|surname=John
output_pan\real\pan_real_0169.jpg,0,real,synthetic,male,28,Karan Philip,Hemant Philip,07/02/1996,AIDPP6724Q,consistent|gender=male|age=28|surname=Philip
output_pan\real\pan_real_0170.jpg,0,real,synthetic,male,15,Tanmay Sandhu,Chandramohan Sandhu,23/01/2009,DFIPS8610M,consistent|gender=male|age=15|surname=Sandhu
output_pan\real\pan_real_0171.jpg,0,real,synthetic,female,30,Shalini Das,Mohit Das,18/06/1995,JUSPD9996P,consistent|gender=female|age=30|surname=Das
output_pan\real\pan_real_0172.jpg,0,real,synthetic,female,34,Kavitha Fernandez,Ishaan Fernandez,08/05/1991,YZUPF8012K,consistent|gender=female|age=34|surname=Fernandez
output_pan\real\pan_real_0173.jpg,0,real,synthetic,female,22,Nidhi Patil,Nitin Patil,09/12/2001,HOOPP5655Y,consistent|gender=female|age=22|surname=Patil
output_pan\real\pan_real_0174.jpg,0,real,synthetic,female,21,Meenakshi Rajan,Rahul Rajan,03/12/2006,JLGPR3506G,consistent|gender=female|age=21|surname=Rajan
output_pan\real\pan_real_0175.jpg,0,real,synthetic,female,33,Parvathi Chaudhary,Nitin Chaudhary,05/05/1991,CTGPC8701H,consistent|gender=female|age=33|surname=Chaudhary
output_pan\real\pan_real_0176.jpg,0,real,synthetic,male,22,Yash Bajwa,Aditya Bajwa,11/07/2007,SCUPB9017F,consistent|gender=male|age=22|surname=Bajwa
output_pan\real\pan_real_0177.jpg,0,real,synthetic,male,25,Ganesh Yadav,Tanmay Yadav,07/11/2001,THHPY1466U,consistent|gender=male|age=25|surname=Yadav
output_pan\real\pan_real_0178.jpg,0,real,synthetic,female,28,Vinita Arora,Vivek Arora,28/12/1996,YXEPA0596M,consistent|gender=female|age=28|surname=Arora
output_pan\real\pan_real_0179.jpg,0,real,synthetic,male,37,Sunil Jain,Prashant Jain,29/05/1986,AHPPJ4663O,consistent|gender=male|age=37|surname=Jain
output_pan\real\pan_real_0180.jpg,0,real,synthetic,male,25,Aakash Pillai,Rajan Pillai,28/03/2001,NHVPP2663X,consistent|gender=male|age=25|surname=Pillai
output_pan\real\pan_real_0181.jpg,0,real,synthetic,female,30,Chameli Shukla,Rohit Shukla,01/03/1994,TUOPS2876T,consistent|gender=female|age=30|surname=Shukla
output_pan\real\pan_real_0182.jpg,0,real,synthetic,male,25,Aniket Bajwa,Sandeep Bajwa,11/09/2001,CREPB7823K,consistent|gender=male|age=25|surname=Bajwa
output_pan\real\pan_real_0183.jpg,0,real,synthetic,male,30,Aarav Philip,Virat Philip,15/04/1996,TYHPP4286U,consistent|gender=male|age=30|surname=Philip
output_pan\real\pan_real_0184.jpg,0,real,synthetic,male,38,Srikanth Mondal,Dev Mondal,04/11/1991,MERPM1924U,consistent|gender=male|age=38|surname=Mondal
output_pan\real\pan_real_0185.jpg,0,real,synthetic,male,35,Arvind Banerjee,Mahesh Banerjee,05/04/1993,MLZPB6814W,consistent|gender=male|age=35|surname=Banerjee
output_pan\real\pan_real_0186.jpg,0,real,synthetic,female,28,Sadhana Kapoor,Sourabh Kapoor,27/11/1997,FGTPK8610O,consistent|gender=female|age=28|surname=Kapoor
output_pan\real\pan_real_0187.jpg,0,real,synthetic,female,30,Revathi Thakkar,Bhaskar Thakkar,04/10/1999,BONPT2696K,consistent|gender=female|age=30|surname=Thakkar
output_pan\real\pan_real_0188.jpg,0,real,synthetic,male,31,Sarang Parekh,Ajay Parekh,23/04/1993,PCNPP7430E,consistent|gender=male|age=31|surname=Parekh
output_pan\real\pan_real_0189.jpg,0,real,synthetic,female,31,Ruhi Modi,Mohit Modi,18/01/1994,MUSPM4170A,consistent|gender=female|age=31|surname=Modi
output_pan\real\pan_real_0190.jpg,0,real,synthetic,female,24,Anita Narayana,Satish Narayana,14/01/2005,IBZPN7735B,consistent|gender=female|age=24|surname=Narayana
output_pan\real\pan_real_0191.jpg,0,real,synthetic,female,24,Aditi Agrawal,Sunil Agrawal,25/03/1999,QSZPA6267O,consistent|gender=female|age=24|surname=Agrawal
output_pan\real\pan_real_0192.jpg,0,real,synthetic,female,24,Mansi Mishra,Nikhil Mishra,28/11/2000,OQJPM8803M,consistent|gender=female|age=24|surname=Mishra
output_pan\real\pan_real_0193.jpg,0,real,synthetic,male,23,Manish Thakkar,Arun Thakkar,25/01/2005,AHRPT8716M,consistent|gender=male|age=23|surname=Thakkar
output_pan\real\pan_real_0194.jpg,0,real,synthetic,male,49,Sachin Mathew,Mohit Mathew,09/03/1978,EWTPM6869T,consistent|gender=male|age=49|surname=Mathew
output_pan\real\pan_real_0195.jpg,0,real,synthetic,female,27,Amita Iyer,Gaurav Iyer,20/02/2002,APSPI4010X,consistent|gender=female|age=27|surname=Iyer
output_pan\real\pan_real_0196.jpg,0,real,synthetic,female,31,Sakshi Kumar,Sarang Kumar,07/09/1997,TUDPK3837X,consistent|gender=female|age=31|surname=Kumar
output_pan\real\pan_real_0197.jpg,0,real,synthetic,male,44,Pavan Arora,Hemant Arora,27/11/1981,IHDPA6776J,consistent|gender=male|age=44|surname=Arora
output_pan\real\pan_real_0198.jpg,0,real,synthetic,male,25,Siddharth Agarwal,Nitin Agarwal,30/12/2000,EROPA5643U,consistent|gender=male|age=25|surname=Agarwal
output_pan\real\pan_real_0199.jpg,0,real,synthetic,male,24,Girish Warrier,Vignesh Warrier,23/06/2001,KDJPW3949H,consistent|gender=male|age=24|surname=Warrier
output_pan\real\pan_real_0200.jpg,0,real,synthetic,female,40,Revathi Chatterjee,Deepak Chatterjee,30/08/1983,BKKPC6364H,consistent|gender=female|age=40|surname=Chatterjee
output_pan\real\pan_real_0201.jpg,0,real,synthetic,male,26,Gaurav Abraham,Sanjay Abraham,15/02/1998,WCSPA0845I,consistent|gender=male|age=26|surname=Abraham
output_pan\real\pan_real_0202.jpg,0,real,synthetic,female,28,Padmini Mishra,Ashok Mishra,28/01/1997,BUPPM7855G,consistent|gender=female|age=28|surname=Mishra
output_pan\real\pan_real_0203.jpg,0,real,synthetic,female,26,Bhavana Bose,Arjun Bose,24/04/2002,DZMPB9903W,consistent|gender=female|age=26|surname=Bose
output_pan\real\pan_real_0204.jpg,0,real,synthetic,male,21,Himanshu Thomas,Dev Thomas,25/06/2004,HMQPT4286L,consistent|gender=male|age=21|surname=Thomas
output_pan\real\pan_real_0205.jpg,0,real,synthetic,female,18,Komal Modi,Lakshya Modi,16/12/2011,TIFPM6782B,consistent|gender=female|age=18|surname=Modi
output_pan\real\pan_real_0206.jpg,0,real,synthetic,male,14,Pranav Bhatia,Chandramohan Bhatia,09/01/2014,OPSPB2498G,consistent|gender=male|age=14|surname=Bhatia
output_pan\real\pan_real_0207.jpg,0,real,synthetic,female,26,Vinita Bose,Girish Bose,16/04/1999,OYIPB8038O,consistent|gender=female|age=26|surname=Bose
output_pan\real\pan_real_0208.jpg,0,real,synthetic,female,29,Archana Hegde,Karthik Hegde,05/03/1998,SMXPH8585B,consistent|gender=female|age=29|surname=Hegde
output_pan\real\pan_real_0209.jpg,0,real,synthetic,female,29,Bharathi Shah,Ramakrishna Shah,14/01/2000,DQBPS0150G,consistent|gender=female|age=29|surname=Shah
output_pan\real\pan_real_0210.jpg,0,real,synthetic,male,27,Mohit Kothari,Arvind Kothari,21/10/2002,RQMPK0258A,consistent|gender=male|age=27|surname=Kothari
output_pan\real\pan_real_0211.jpg,0,real,synthetic,female,27,Niyati Chaudhary,Tushar Chaudhary,17/01/2002,SNHPC2938D,consistent|gender=female|age=27|surname=Chaudhary
output_pan\real\pan_real_0212.jpg,0,real,synthetic,male,25,Rajan Reddy,Santosh Reddy,20/04/2003,NVGPR1295L,consistent|gender=male|age=25|surname=Reddy
output_pan\real\pan_real_0213.jpg,0,real,synthetic,female,27,Varsha Dubey,Lalit Dubey,08/12/2001,HVCPD1532M,consistent|gender=female|age=27|surname=Dubey
output_pan\real\pan_real_0214.jpg,0,real,synthetic,male,26,Girish Mishra,Sumit Mishra,21/01/2000,AEMPM5428S,consistent|gender=male|age=26|surname=Mishra
output_pan\real\pan_real_0215.jpg,0,real,synthetic,female,32,Siddhi Reddy,Rahul Reddy,29/04/1996,WXMPR1219V,consistent|gender=female|age=32|surname=Reddy
output_pan\real\pan_real_0216.jpg,0,real,synthetic,male,35,Aakash Agarwal,Lalit Agarwal,06/01/1989,YIYPA6526C,consistent|gender=male|age=35|surname=Agarwal
output_pan\real\pan_real_0217.jpg,0,real,synthetic,male,30,Harish Chatterjee,Lalit Chatterjee,27/10/1998,WROPC2293Z,consistent|gender=male|age=30|surname=Chatterjee
output_pan\real\pan_real_0218.jpg,0,real,synthetic,female,30,Keerthi Namboothiri,Nikhil Namboothiri,12/12/1995,BLVPN9916Y,consistent|gender=female|age=30|surname=Namboothiri
output_pan\real\pan_real_0219.jpg,0,real,synthetic,female,16,Jayshree Sandhu,Himanshu Sandhu,01/06/2007,QULPS5830R,consistent|gender=female|age=16|surname=Sandhu
output_pan\real\pan_real_0220.jpg,0,real,synthetic,male,24,Nishant Mishra,Sunil Mishra,22/10/2000,JUHPM1205C,consistent|gender=male|age=24|surname=Mishra
output_pan\real\pan_real_0221.jpg,0,real,synthetic,female,29,Jyoti Paul,Girish Paul,05/11/1995,TICPP5051O,consistent|gender=female|age=29|surname=Paul
output_pan\real\pan_real_0222.jpg,0,real,synthetic,female,28,Rohini Mondal,Hardik Mondal,03/03/2001,ELOPM1693A,consistent|gender=female|age=28|surname=Mondal
output_pan\real\pan_real_0223.jpg,0,real,synthetic,female,29,Pallavi Pillai,Sumit Pillai,20/10/2000,UWAPP6354Y,consistent|gender=female|age=29|surname=Pillai
output_pan\real\pan_real_0224.jpg,0,real,synthetic,male,26,Anand Nair,Nitin Nair,17/10/2002,EJDPN4398P,consistent|gender=male|age=26|surname=Nair
output_pan\real\pan_real_0225.jpg,0,real,synthetic,female,28,Sunita Rajan,Ramesh Rajan,14/05/1998,HUJPR8124T,consistent|gender=female|age=28|surname=Rajan
output_pan\real\pan_real_0226.jpg,0,real,synthetic,male,24,Varun Sandhu,Mohit Sandhu,10/03/2005,AKVPS5400O,consistent|gender=male|age=24|surname=Sandhu
output_pan\real\pan_real_0227.jpg,0,real,synthetic,male,23,Nishant Bose,Rajiv Bose,20/11/2000,DIYPB7849K,consistent|gender=male|age=23|surname=Bose
output_pan\real\pan_real_0228.jpg,0,real,synthetic,male,28,Himanshu Shetty,Pavan Shetty,23/12/1999,QZUPS6162I,consistent|gender=male|age=28|surname=Shetty
output_pan\real\pan_real_0229.jpg,0,real,synthetic,male,22,Bhaskar Tiwari,Ajay Tiwari,19/04/2003,ZETPT7564W,consistent|gender=male|age=22|surname=Tiwari
output_pan\real\pan_real_0230.jpg,0,real,synthetic,male,25,Sarang Thomas,Aravind Thomas,03/12/2002,VUKPT2281U,consistent|gender=male|age=25|surname=Thomas
output_pan\real\pan_real_0231.jpg,0,real,synthetic,female,28,Amita Chatterjee,Rohit Chatterjee,23/03/1996,LJLPC9540M,consistent|gender=female|age=28|surname=Chatterjee
output_pan\real\pan_real_0232.jpg,0,real,synthetic,female,30,Monal Chaudhary,Srikanth Chaudhary,02/09/1996,UJXPC1792Y,consistent|gender=female|age=30|surname=Chaudhary
output_pan\real\pan_real_0233.jpg,0,real,synthetic,male,22,Naresh Philip,Ramakrishna Philip,21/03/2005,POQPP5433Z,consistent|gender=male|age=22|surname=Philip
output_pan\real\pan_real_0234.jpg,0,real,synthetic,female,26,Seema Thakur,Arjun Thakur,08/05/2003,NNPPT7304L,consistent|gender=female|age=26|surname=Thakur
output_pan\real\pan_real_0235.jpg,0,real,synthetic,male,34,Lakshya Tiwari,Shreyas Tiwari,23/10/1990,NIAPT4841N,consistent|gender=male|age=34|surname=Tiwari
output_pan\real\pan_real_0236.jpg,0,real,synthetic,male,25,Ajay Nair,Arun Nair,10/06/2003,IUNPN7802D,consistent|gender=male|age=25|surname=Nair
output_pan\real\pan_real_0237.jpg,0,real,synthetic,female,34,Keerthi Saxena,Murali Saxena,03/06/1992,HVCPS1792V,consistent|gender=female|age=34|surname=Saxena
output_pan\real\pan_real_0238.jpg,0,real,synthetic,male,28,Chandramohan Hegde,Sachin Hegde,18/03/1997,EOYPH6637U,consistent|gender=male|age=28|surname=Hegde
output_pan\real\pan_real_0239.jpg,0,real,synthetic,female,30,Radha D'Souza,Dilip D'Souza,13/07/1994,APFPD6371A,consistent|gender=female|age=30|surname=D'Souza
output_pan\real\pan_real_0240.jpg,0,real,synthetic,male,23,Shubham Hebbar,Gaurav Hebbar,26/12/2004,UPUPH5994K,consistent|gender=male|age=23|surname=Hebbar
output_pan\real\pan_real_0241.jpg,0,real,synthetic,male,34,Mohit Pereira,Ajay Pereira,28/11/1993,MZIPP6432S,consistent|gender=male|age=34|surname=Pereira
output_pan\real\pan_real_0242.jpg,0,real,synthetic,female,25,Nidhi Naidu,Mohan Naidu,20/08/1998,ERUPN2195K,consistent|gender=female|age=25|surname=Naidu
output_pan\real\pan_real_0243.jpg,0,real,synthetic,male,19,Dev Menon,Naveen Menon,12/03/2010,SNKPM9418M,consistent|gender=male|age=19|surname=Menon
output_pan\real\pan_real_0244.jpg,0,real,synthetic,female,24,Radha Rawat,Vinit Rawat,23/09/2000,XYEPR8023J,consistent|gender=female|age=24|surname=Rawat
output_pan\real\pan_real_0245.jpg,0,real,synthetic,male,48,Sunil Subramaniam,Pavan Subramaniam,20/08/1975,BJAPS3197M,consistent|gender=male|age=48|surname=Subramaniam
output_pan\real\pan_real_0246.jpg,0,real,synthetic,male,40,Faisal Khanna,Ganesh Khanna,22/07/1986,MSLPK1355S,consistent|gender=male|age=40|surname=Khanna
output_pan\real\pan_real_0247.jpg,0,real,synthetic,female,28,Sumitra Verma,Aviral Verma,02/05/2000,HNEPV9268X,consistent|gender=female|age=28|surname=Verma
output_pan\real\pan_real_0248.jpg,0,real,synthetic,female,28,Niyati Jain,Irfan Jain,04/10/2001,GOZPJ7232R,consistent|gender=female|age=28|surname=Jain
output_pan\real\pan_real_0249.jpg,0,real,synthetic,male,23,Parth Joseph,Amit Joseph,25/11/2001,GWAPJ5712C,consistent|gender=male|age=23|surname=Joseph
output_pan\real\pan_real_0250.jpg,0,real,synthetic,male,24,Vijay Saxena,Dhruv Saxena,07/04/1999,VPJPS2720T,consistent|gender=male|age=24|surname=Saxena
output_pan\real\pan_real_0251.jpg,0,real,synthetic,female,29,Vijaya Subramaniam,Gaurav Subramaniam,26/04/1994,BJHPS5303W,consistent|gender=female|age=29|surname=Subramaniam
output_pan\real\pan_real_0252.jpg,0,real,synthetic,female,32,Meenakshi Banerjee,Hemant Banerjee,29/09/1995,RCZPB0972I,consistent|gender=female|age=32|surname=Banerjee
output_pan\real\pan_real_0253.jpg,0,real,synthetic,female,30,Nisha Kutty,Murali Kutty,08/03/1993,DIGPK8020E,consistent|gender=female|age=30|surname=Kutty
output_pan\real\pan_real_0254.jpg,0,real,synthetic,female,14,Indira Arora,Hardik Arora,13/07/2010,LQWPA6601Q,consistent|gender=female|age=14|surname=Arora
output_pan\real\pan_real_0255.jpg,0,real,synthetic,female,32,Lakshmi Narayana,Srikanth Narayana,31/08/1995,MPWPN7512U,consistent|gender=female|age=32|surname=Narayana
output_pan\real\pan_real_0256.jpg,0,real,synthetic,male,23,Murali Warrier,Mohan Warrier,26/02/2000,NFLPW8106I,consistent|gender=male|age=23|surname=Warrier
output_pan\real\pan_real_0257.jpg,0,real,synthetic,male,51,Kabir Ghosh,Vijayendra Ghosh,05/10/1974,OMIPG0753D,consistent|gender=male|age=51|surname=Ghosh
output_pan\real\pan_real_0258.jpg,0,real,synthetic,female,25,Vijaya Sidhu,Mohit Sidhu,28/02/2004,ELZPS3315W,consistent|gender=female|age=25|surname=Sidhu
output_pan\real\pan_real_0259.jpg,0,real,synthetic,male,21,Ganesh Krishnan,Akshat Krishnan,03/05/2007,RGJPK0849M,consistent|gender=male|age=21|surname=Krishnan
output_pan\real\pan_real_0260.jpg,0,real,synthetic,female,27,Rashmi Sidhu,Anand Sidhu,14/04/1997,RSAPS1277E,consistent|gender=female|age=27|surname=Sidhu
output_pan\real\pan_real_0261.jpg,0,real,synthetic,male,35,Pranav Gill,Adnan Gill,01/08/1989,AIDPG2166P,consistent|gender=male|age=35|surname=Gill
output_pan\real\pan_real_0262.jpg,0,real,synthetic,male,38,Yash Shah,Manoj Shah,26/12/1991,CIWPS6271Y,consistent|gender=male|age=38|surname=Shah
output_pan\real\pan_real_0263.jpg,0,real,synthetic,female,34,Chameli Subramaniam,Venkat Subramaniam,17/02/1994,OPEPS3491U,consistent|gender=female|age=34|surname=Subramaniam
output_pan\real\pan_real_0264.jpg,0,real,synthetic,female,29,Jyoti Narayana,Tushar Narayana,15/11/1996,WCCPN9660X,consistent|gender=female|age=29|surname=Narayana
output_pan\real\pan_real_0265.jpg,0,real,synthetic,male,34,Ravi Pandey,Parth Pandey,08/03/1993,HCOPP0440V,consistent|gender=male|age=34|surname=Pandey
output_pan\real\pan_real_0266.jpg,0,real,synthetic,female,30,Savita Chatterjee,Adnan Chatterjee,07/09/1995,THBPC8109M,consistent|gender=female|age=30|surname=Chatterjee
output_pan\real\pan_real_0267.jpg,0,real,synthetic,female,14,Amita Naidu,Shoaib Naidu,03/10/2010,NZZPN2163M,consistent|gender=female|age=14|surname=Naidu
output_pan\real\pan_real_0268.jpg,0,real,synthetic,female,25,Ruhi Bhatia,Bhaskar Bhatia,06/11/2000,TYUPB9624C,consistent|gender=female|age=25|surname=Bhatia
output_pan\real\pan_real_0269.jpg,0,real,synthetic,female,31,Ratna Patel,Shubham Patel,31/01/1998,UNQPP6940W,consistent|gender=female|age=31|surname=Patel
output_pan\real\pan_real_0270.jpg,0,real,synthetic,male,37,Nikhil Dubey,Dilip Dubey,20/09/1988,DCCPD2546R,consistent|gender=male|age=37|surname=Dubey
output_pan\real\pan_real_0271.jpg,0,real,synthetic,male,26,Himanshu Ghosh,Vinod Ghosh,22/11/1998,QILPG0949H,consistent|gender=male|age=26|surname=Ghosh
output_pan\real\pan_real_0272.jpg,0,real,synthetic,female,31,Farah Pillai,Ajay Pillai,20/10/1995,BRRPP1957A,consistent|gender=female|age=31|surname=Pillai
output_pan\real\pan_real_0273.jpg,0,real,synthetic,female,33,Divya Hebbar,Murali Hebbar,16/03/1996,YNUPH2736L,consistent|gender=female|age=33|surname=Hebbar
output_pan\real\pan_real_0274.jpg,0,real,synthetic,female,23,Lavanya Krishnan,Dhruv Krishnan,24/05/2000,XUAPK4457Q,consistent|gender=female|age=23|surname=Krishnan
output_pan\real\pan_real_0275.jpg,0,real,synthetic,male,24,Virat Mehta,Sriram Mehta,03/11/2001,MNBPM6025F,consistent|gender=male|age=24|surname=Mehta
output_pan\real\pan_real_0276.jpg,0,real,synthetic,male,29,Shreyas Abraham,Amit Abraham,24/11/1996,CTAPA4007B,consistent|gender=male|age=29|surname=Abraham
output_pan\real\pan_real_0277.jpg,0,real,synthetic,male,33,Bhaskar Dube,Manoj Dube,30/03/1995,YAUPD3679K,consistent|gender=male|age=33|surname=Dube
output_pan\real\pan_real_0278.jpg,0,real,synthetic,female,29,Ruhi Philip,Anand Philip,27/05/1998,CJNPP2939H,consistent|gender=female|age=29|surname=Philip
output_pan\real\pan_real_0279.jpg,0,real,synthetic,male,29,Rahul Parekh,Aniket Parekh,28/08/2000,HVIPP0131L,consistent|gender=male|age=29|surname=Parekh
output_pan\real\pan_real_0280.jpg,0,real,synthetic,female,34,Meenakshi Pereira,Lalit Pereira,24/05/1989,QMPPP3202X,consistent|gender=female|age=34|surname=Pereira
output_pan\real\pan_real_0281.jpg,0,real,synthetic,female,31,Rohini Malik,Karthik Malik,01/03/1997,YAOPM5489A,consistent|gender=female|age=31|surname=Malik
output_pan\real\pan_real_0282.jpg,0,real,synthetic,male,24,Girish Unni,Chandramohan Unni,04/05/2000,FZKPU2333W,consistent|gender=male|age=24|surname=Unni
output_pan\real\pan_real_0283.jpg,0,real,synthetic,male,24,Suresh Agarwal,Rahul Agarwal,14/09/2004,SJZPA9516D,consistent|gender=male|age=24|surname=Agarwal
output_pan\real\pan_real_0284.jpg,0,real,synthetic,female,32,Divya Kothari,Dilip Kothari,03/07/1991,PBRPK3880J,consistent|gender=female|age=32|surname=Kothari
output_pan\real\pan_real_0285.jpg,0,real,synthetic,male,35,Pavan John,Aravind John,27/12/1991,TIHPJ3322E,consistent|gender=male|age=35|surname=John
output_pan\real\pan_real_0286.jpg,0,real,synthetic,male,36,Amit Walia,Santosh Walia,15/03/1993,MKNPW7405J,consistent|gender=male|age=36|surname=Walia
output_pan\real\pan_real_0287.jpg,0,real,synthetic,male,44,Virat Tripathi,Vijay Tripathi,26/03/1985,RVSPT3523K,consistent|gender=male|age=44|surname=Tripathi
output_pan\real\pan_real_0288.jpg,0,real,synthetic,male,13,Suresh Rajan,Sriram Rajan,13/06/2015,NRGPR0510M,consistent|gender=male|age=13|surname=Rajan
output_pan\real\pan_real_0289.jpg,0,real,synthetic,male,44,Nitin Srivastava,Prashant Srivastava,04/04/1981,MUDPS1011Y,consistent|gender=male|age=44|surname=Srivastava
output_pan\real\pan_real_0290.jpg,0,real,synthetic,female,29,Nisha Jacob,Varun Jacob,12/07/1994,RYCPJ1229A,consistent|gender=female|age=29|surname=Jacob
output_pan\real\pan_real_0291.jpg,0,real,synthetic,male,25,Varun Mehta,Prakash Mehta,03/03/2001,XVIPM7553B,consistent|gender=male|age=25|surname=Mehta
output_pan\real\pan_real_0292.jpg,0,real,synthetic,female,36,Bhoomi Hegde,Nishant Hegde,13/12/1987,MJLPH3518F,consistent|gender=female|age=36|surname=Hegde
output_pan\real\pan_real_0293.jpg,0,real,synthetic,male,25,Ishaan Agarwal,Chetan Agarwal,20/01/2003,QGHPA9023P,consistent|gender=male|age=25|surname=Agarwal
output_pan\real\pan_real_0294.jpg,0,real,synthetic,male,32,Suresh Joshi,Ishaan Joshi,14/03/1994,FXNPJ6267Z,consistent|gender=male|age=32|surname=Joshi
output_pan\real\pan_real_0295.jpg,0,real,synthetic,male,43,Mohan Urs,Abhishek Urs,12/08/1982,XNKPU0428K,consistent|gender=male|age=43|surname=Urs
output_pan\real\pan_real_0296.jpg,0,real,synthetic,male,42,Pranav Dhillon,Rohan Dhillon,02/05/1981,VMJPD2616D,consistent|gender=male|age=42|surname=Dhillon
output_pan\real\pan_real_0297.jpg,0,real,synthetic,male,36,Naresh Philip,Dev Philip,27/09/1991,UTTPP9433Z,consistent|gender=male|age=36|surname=Philip
output_pan\real\pan_real_0298.jpg,0,real,synthetic,male,52,Mohan Pandey,Dinesh Pandey,19/04/1976,ITJPP5762S,consistent|gender=male|age=52|surname=Pandey
output_pan\real\pan_real_0299.jpg,0,real,synthetic,male,47,Deepak Bhatia,Lalit Bhatia,18/08/1981,IMCPB9858H,consistent|gender=male|age=47|surname=Bhatia
output_pan\fake\pan_fake_0001.jpg,1,fake,synthetic,male,38,Pradeep Mathew,Akshat Mathew,25/08/1986,VHKPM3080O,cats=structural+face_tampering|face_gender=male
output_pan\fake\pan_fake_0002.jpg,1,fake,synthetic,male,35,Irfan Joshi,Raghav Gupta,10/02/1993,SKUPJ2847G,cats=structural+partial_editing|face_gender=male
output_pan\fake\pan_fake_0003.jpg,1,fake,synthetic,male,25,Shreya Agrawal,Dilip Kothari,01/11/2004,GMLPK9616R,cats=face_tampering+structural+partial_editing|face_gender=male
output_pan\fake\pan_fake_0004.jpg,1,fake,synthetic,male,29,Prakash Jacob,Pranav Jacob,29/07/1962,QNWPJ7768E,cats=text_tampering+semantic|face_gender=male
output_pan\fake\pan_fake_0005.jpg,1,fake,synthetic,female,33,Seema Thampi,Abhishek Thampi,09/06/1996,QWGPT3087E,cats=structural+image_quality|face_gender=female
output_pan\fake\pan_fake_0006.jpg,1,fake,synthetic,female,30,Revathi Walia,Hemant Walia,11/04/1993,hwmPP3188q,cats=structural+semantic+partial_editing|face_gender=female
output_pan\fake\pan_fake_0007.jpg,1,fake,synthetic,female,30,Aditi Chatterjee,Aditya Chatterjee,05/03/1993,ZIZPC2347K,cats=image_quality+text_tampering|face_gender=female
output_pan\fake\pan_fake_0008.jpg,1,fake,synthetic,male,32,Vignesh Desai,Aviral Desai,05/02/1991,PQKPD6281A,cats=text_tampering+image_quality|face_gender=male
output_pan\fake\pan_fake_0009.jpg,1,fake,synthetic,male,23,Ravi Namboothiri,Naveen Namboothiri,13/02/2005,NHBPN4886J,cats=image_quality+text_tampering+face_tampering|face_gender=male
output_pan\fake\pan_fake_0010.jpg,1,fake,synthetic,male,44,Deepika Kutty,Aditya Kutty,24/04/1984,ANDPM6148U,cats=image_quality+text_tampering+semantic|face_gender=male
output_pan\fake\pan_fake_0011.jpg,1,fake,synthetic,female,31,Saroja Reddy,Adnan Reddy,20/10/1996,SKXPR4632D,cats=text_tampering+image_quality|face_gender=female
output_pan\fake\pan_fake_0012.jpg,1,fake,synthetic,male,26,Arjun Sharma,Ramakrishna Sharma,27/02/2003,OMYPS1660I,cats=text_tampering+border_crop|face_gender=male
output_pan\fake\pan_fake_0013.jpg,1,fake,synthetic,male,24,Naresh Subramaniam,Prakash Subramaniam,21/07/1971,XYGPS6106K,cats=semantic+face_tampering|face_gender=male
output_pan\fake\pan_fake_0014.jpg,1,fake,synthetic,male,29,Manish Naidu,Murali Naidu,31/01/1995,MMXPB450W,cats=semantic+face_tampering+image_quality|face_gender=male
output_pan\fake\pan_fake_0015.jpg,1,fake,synthetic,female,39,Farah Reddy,Naresh Reddy,02/05/1959,IRKPR0191U,cats=text_tampering+semantic|face_gender=female
output_pan\fake\pan_fake_0016.jpg,1,fake,synthetic,female,24,Ankita Srivastava,Vijay Srivastava,21/12/2002,AKAPS1490Z,cats=structural+text_tampering+image_quality|face_gender=female
output_pan\fake\pan_fake_0017.jpg,1,fake,synthetic,male,24,Kavya Chauhan,Dilip Sen,11/12/2021,NSBPS8068E,cats=semantic+text_tampering+partial_editing|face_gender=male
output_pan\fake\pan_fake_0018.jpg,1,fake,synthetic,female,24,Komal Subramaniam,Aarav Subramaniam,02/12/2001,NKZPI451J,cats=semantic+image_quality|face_gender=female
output_pan\fake\pan_fake_0019.jpg,1,fake,synthetic,male,22,Ruchita Kothari,Srikanth Kothari,23/06/2001,TOFPC4761V,cats=structural+semantic+image_quality|face_gender=male
output_pan\fake\pan_fake_0020.jpg,1,fake,synthetic,male,24,Bharathi Dey,Vivek Panikar,25/04/2021,ACJPP0928G,cats=image_quality+semantic+partial_editing|face_gender=male
output_pan\fake\pan_fake_0021.jpg,1,fake,synthetic,male,27,Dev Pandey,Irfan Pandey,03/11/1967,VXSPY9886YG,cats=semantic+partial_editing|face_gender=male
output_pan\fake\pan_fake_0022.jpg,1,fake,synthetic,female,27,Mahesh Sidhu,Naresh Sidhu,02/07/2002,UOBPQ288Q,cats=image_quality+semantic+partial_editing|face_gender=female
output_pan\fake\pan_fake_0023.jpg,1,fake,synthetic,female,14,Mahesh Pillai,Umesh Pillai,22/04/2014,IJFPD9197Y,cats=semantic+face_tampering|face_gender=female
output_pan\fake\pan_fake_0024.jpg,1,fake,synthetic,male,34,Balaji Kumar,Kiran Kumar,13/02/1992,cczPU1073g,cats=text_tampering+partial_editing+image_quality|face_gender=male
output_pan\fake\pan_fake_0025.jpg,1,fake,synthetic,male,26,Nitin Abraham,Kunal Abraham,30/04/1999,HRPPY66072R,cats=image_quality+text_tampering+semantic|face_gender=male
output_pan\fake\pan_fake_0026.jpg,1,fake,synthetic,female,39,Mahesh Jacob,Rohit Jacob,15/09/2014,DAPPC4993G,cats=partial_editing+structural+semantic|face_gender=female
output_pan\fake\pan_fake_0027.jpg,1,fake,synthetic,male,24,Rohit Mehta,Naresh Bose,19/12/2004,MIDPM1640J,cats=structural+partial_editing|face_gender=male
output_pan\fake\pan_fake_0028.jpg,1,fake,synthetic,male,23,Bhaskar Bhatia,Sudhir Bhatia,06/07/2004,AGFPB4534L,cats=image_quality+face_tampering|face_gender=male
output_pan\fake\pan_fake_0029.jpg,1,fake,synthetic,male,33,Ishaan Nair,Sandeep Nair,07/09/1995,GXBPN0306Q,cats=image_quality+text_tampering|face_gender=male
output_pan\fake\pan_fake_0030.jpg,1,fake,synthetic,female,25,Meenakshi Murthy,Pradeep Murthy,17/09/2001,wdtPB3586y,cats=face_tampering+semantic|face_gender=female
output_pan\fake\pan_fake_0031.jpg,1,fake,synthetic,female,34,Adnan Hebbar,Dilip Hebbar,02/04/1993,RNUPM7696O,cats=semantic+image_quality|face_gender=female
output_pan\fake\pan_fake_0032.jpg,1,fake,synthetic,female,15,Riddhi Shah,Rohit Shah,17/04/2011,DEPPV651P,cats=face_tampering+partial_editing|face_gender=female
output_pan\fake\pan_fake_0033.jpg,1,fake,synthetic,male,46,Radha John,Adnan John,21/03/1979,VABPP2208U,cats=structural+semantic|face_gender=male
output_pan\fake\pan_fake_0034.jpg,1,fake,synthetic,female,28,Deepika Bajwa,Anand Bajwa,27/11/1996,HCLPB7892F,cats=image_quality+text_tampering|face_gender=female
output_pan\fake\pan_fake_0035.jpg,1,fake,synthetic,female,24,Karthik Patil,Shreyas Patil,17/09/1999,TCRPS7070Q,cats=face_tampering+semantic+text_tampering|face_gender=female
output_pan\fake\pan_fake_0036.jpg,1,fake,synthetic,female,31,Aditi Malik,Rohit Malik,23/01/1997,EQGPS94636R,cats=image_quality+partial_editing|face_gender=female
output_pan\fake\pan_fake_0037.jpg,1,fake,synthetic,male,33,Pradeep Prasad,Naresh Prasad,30/08/2019,LSEPP8329M,cats=image_quality+text_tampering+semantic|face_gender=male
output_pan\fake\pan_fake_0038.jpg,1,fake,synthetic,male,26,Ganesh Sandhu,Adnan Sandhu,31/12/2001,PYVPS7193A,cats=structural+border_crop|face_gender=male
output_pan\fake\pan_fake_0039.jpg,1,fake,synthetic,female,26,Alka Sharma,Suresh Sharma,12/07/2001,RKFPS1125C,cats=image_quality+text_tampering+face_tampering|face_gender=female
output_pan\fake\pan_fake_0040.jpg,1,fake,synthetic,female,57,Manjula Modi,Vivek Modi,09/10/1966,SZOPM5566Y,cats=image_quality+structural+text_tampering|face_gender=female
output_pan\fake\pan_fake_0041.jpg,1,fake,synthetic,male,28,Kabir Philip,Suresh Philip,08/12/1970,VBYPP5143L,cats=structural+partial_editing|face_gender=male
output_pan\fake\pan_fake_0042.jpg,1,fake,synthetic,female,31,Anuradha Philip,Mohan Philip,04/02/1997,ETNPH2102QB,cats=face_tampering+partial_editing+structural|face_gender=female
output_pan\fake\pan_fake_0043.jpg,1,fake,synthetic,female,24,Monal Singh,Murali Thomas,25/11/2002,IPGPH79552P,cats=semantic+partial_editing|face_gender=female
output_pan\fake\pan_fake_0044.jpg,1,fake,synthetic,female,30,Sakshi Mondal,Ishaan Mondal,19/03/1996,DOFPM4423Z,cats=text_tampering+structural|face_gender=female
output_pan\fake\pan_fake_0045.jpg,1,fake,synthetic,female,30,Drashti Abraham,Lalit Abraham,04/07/1999,ADWPS8822YF,cats=partial_editing+face_tampering+text_tampering|face_gender=female
output_pan\fake\pan_fake_0046.jpg,1,fake,synthetic,female,30,Mansi Nair,Vinod Mondal,29/05/1967,YWQPN6912U,cats=structural+semantic+partial_editing|face_gender=female
output_pan\fake\pan_fake_0047.jpg,1,fake,synthetic,female,28,Deepika D'Souza,Manish D'Souza,25/09/2021,GTTPD2735M,cats=semantic+border_crop|face_gender=female
output_pan\fake\pan_fake_0048.jpg,1,fake,synthetic,female,32,Rashmi Pandey,Yash Pandey,10/12/1996,lzsPS9791o,cats=structural+partial_editing+text_tampering|face_gender=female
output_pan\fake\pan_fake_0049.jpg,1,fake,synthetic,male,25,Rajiv Parekh,Aviral Parekh,12/03/1998,HNRPP7817J,cats=image_quality+text_tampering|face_gender=male
output_pan\fake\pan_fake_0050.jpg,1,fake,synthetic,female,41,Malathi Sandhu,Umesh Paul,10/05/1983,QNGPS1122F,cats=partial_editing+image_quality|face_gender=female
output_pan\fake\pan_fake_0051.jpg,1,fake,synthetic,male,34,Hardik Agrawal,Manish Agrawal,24/08/1990,ACAPA5602N,cats=image_quality+text_tampering+face_tampering|face_gender=male
output_pan\fake\pan_fake_0052.jpg,1,fake,synthetic,female,29,Ramakrishna Parekh,Sunil Malik,27/05/1999,JAZPM6305Y,cats=partial_editing+border_crop+image_quality|face_gender=female
output_pan\fake\pan_fake_0053.jpg,1,fake,synthetic,female,27,Gomathi Gupta,Shubham Gupta,06/04/2021,LAUPG6485Z,cats=semantic+image_quality|face_gender=female
output_pan\fake\pan_fake_0054.jpg,1,fake,synthetic,male,26,Siddharth Joshi,Pradeep Dey,23/03/1998,NCMPJ9149Z,cats=image_quality+face_tampering+partial_editing|face_gender=male
output_pan\fake\pan_fake_0055.jpg,1,fake,synthetic,female,29,Hema Malik,Vinit Malik,06/10/1999,OIMPM1129Q,cats=face_tampering+image_quality|face_gender=female
output_pan\fake\pan_fake_0056.jpg,1,fake,synthetic,male,25,Kiruthika Kumar,Dhruv Grewal,22/09/1975,SROPG3111Q,cats=image_quality+semantic+partial_editing|face_gender=male
output_pan\fake\pan_fake_0057.jpg,1,fake,synthetic,female,40,Vinit Kutty,Nikhil Kutty,21/10/1989,VRNPD0805L,cats=text_tampering+semantic|face_gender=female
output_pan\fake\pan_fake_0058.jpg,1,fake,synthetic,male,34,Hardik Sandhu,Rajan Sandhu,04/12/2021,VCFPS1659X,cats=text_tampering+partial_editing|face_gender=male
output_pan\fake\pan_fake_0059.jpg,1,fake,synthetic,male,21,Vivek Bhat,Rohit Kapoor,29/06/2005,IZIPB6756Y,cats=image_quality+partial_editing+text_tampering|face_gender=male
output_pan\fake\pan_fake_0060.jpg,1,fake,synthetic,female,25,Sudhir Abraham,Akshat Abraham,01/06/2003,UYVPS1545B,cats=face_tampering+semantic+text_tampering|face_gender=female
output_pan\fake\pan_fake_0061.jpg,1,fake,synthetic,male,26,Dinesh Patil,Vinit Patil,21/12/1974,OXPPP0613X,cats=semantic+image_quality+face_tampering|face_gender=male
output_pan\fake\pan_fake_0062.jpg,1,fake,synthetic,male,25,Kiran Sundar,Faisal Sundar,24/10/1975,BTKPS9751S,cats=partial_editing+face_tampering|face_gender=male
output_pan\fake\pan_fake_0063.jpg,1,fake,synthetic,male,19,Aniket Kapoor,Virat Kapoor,17/07/2010,LSTPK9164G,cats=face_tampering+text_tampering+border_crop|face_gender=male
output_pan\fake\pan_fake_0064.jpg,1,fake,synthetic,female,27,Chandramohan Naidu,Shreyas Kutty,12/03/2000,QZLPK7217B,cats=partial_editing+face_tampering|face_gender=female
output_pan\fake\pan_fake_0065.jpg,1,fake,synthetic,male,35,Deepak Grewal,Rajiv Grewal,11/01/1992,msdPM9552v,cats=partial_editing+text_tampering|face_gender=male
output_pan\fake\pan_fake_0066.jpg,1,fake,synthetic,male,38,Hardik Unni,Naresh Unni,12/11/1985,WAWPU3788M,cats=structural+text_tampering|face_gender=male
output_pan\fake\pan_fake_0067.jpg,1,fake,synthetic,female,30,Siddhi Philip,Naveen Philip,13/08/1997,FIKPC8532TV,cats=image_quality+structural+semantic|face_gender=female
output_pan\fake\pan_fake_0068.jpg,1,fake,synthetic,male,25,Gaurav Krishnan,Ganesh Krishnan,18/10/2003,RFDPK7047Y,cats=image_quality+text_tampering|face_gender=male
output_pan\fake\pan_fake_0069.jpg,1,fake,synthetic,female,32,Dhruv Namboothiri,Tushar Das,24/08/1995,gogPH0428l,cats=semantic+partial_editing|face_gender=female
output_pan\fake\pan_fake_0070.jpg,1,fake,synthetic,male,49,Ashok Kothari,Tanmay Kothari,12/11/1975,EKMPK3167H,cats=face_tampering+border_crop|face_gender=male
output_pan\fake\pan_fake_0071.jpg,1,fake,synthetic,male,37,Vinit Sandhu,Srikanth Sandhu,29/08/1990,GKBPS5127M,cats=text_tampering+face_tampering|face_gender=male
output_pan\fake\pan_fake_0072.jpg,1,fake,synthetic,female,32,Megha Khanna,Adnan Khanna,24/02/1959,ELWPK7559F,cats=partial_editing+structural+image_quality|face_gender=female
output_pan\fake\pan_fake_0073.jpg,1,fake,synthetic,male,25,Kiran Hebbar,Dilip Hebbar,06/01/2001,LXXPT1478I,cats=image_quality+structural+semantic|face_gender=male
output_pan\fake\pan_fake_0074.jpg,1,fake,synthetic,female,34,Niyati Mishra,Sunil Agrawal,30/03/1995,IWWPM2370F,cats=face_tampering+partial_editing|face_gender=female
output_pan\fake\pan_fake_0075.jpg,1,fake,synthetic,male,24,Varun Krishnan,Nikhil Yadav,01/05/2001,LWOPK9962P,cats=partial_editing+image_quality|face_gender=male
output_pan\fake\pan_fake_0076.jpg,1,fake,synthetic,female,33,Kabir Panikar,Mahesh Panikar,02/04/1990,EBJPG0532V,cats=face_tampering+semantic+border_crop|face_gender=female
output_pan\fake\pan_fake_0077.jpg,1,fake,synthetic,male,23,Kiran Chatterjee,Arvind Chatterjee,25/02/2003,oqyPQ8155p,cats=face_tampering+partial_editing+semantic|face_gender=male
output_pan\fake\pan_fake_0078.jpg,1,fake,synthetic,male,13,Yash Sandhu,Raghav Sandhu,01/04/2014,DMUPS6794N,cats=face_tampering+text_tampering|face_gender=male
output_pan\fake\pan_fake_0079.jpg,1,fake,synthetic,female,33,Tanvi Kapoor,Shreyas Kapoor,22/02/1996,IKOPK2878G,cats=image_quality+structural+text_tampering|face_gender=female
output_pan\fake\pan_fake_0080.jpg,1,fake,synthetic,female,32,Heena Chatterjee,Anand Chatterjee,18/06/1992,NFRPC1085E,cats=structural+face_tampering+text_tampering|face_gender=female
output_pan\fake\pan_fake_0081.jpg,1,fake,synthetic,female,25,Kritika George,Chetan George,07/05/1998,NEJPG3312C,cats=text_tampering+image_quality+structural|face_gender=female
output_pan\fake\pan_fake_0082.jpg,1,fake,synthetic,male,37,Anand Thomas,Karan Thomas,29/11/2021,WDIPT9737C,cats=text_tampering+semantic+image_quality|face_gender=male
output_pan\fake\pan_fake_0083.jpg,1,fake,synthetic,male,25,Megha Rao,Aditya Rao,31/03/2002,SHGPR5102T,cats=text_tampering+semantic+structural|face_gender=male
output_pan\fake\pan_fake_0084.jpg,1,fake,synthetic,male,34,Mohan Sandhu,Naveen Sandhu,23/04/1993,TVCPS9303E,cats=image_quality+structural|face_gender=male
output_pan\fake\pan_fake_0085.jpg,1,fake,synthetic,male,21,Shakunthala Agrawal,Ravi Agrawal,13/06/2006,EXIPJ7427P,cats=semantic+text_tampering|face_gender=male
output_pan\fake\pan_fake_0086.jpg,1,fake,synthetic,male,32,Nitin Ghosh,Ganesh Ghosh,18/05/1997,LPGPG8978F,cats=face_tampering+image_quality+text_tampering|face_gender=male
output_pan\fake\pan_fake_0087.jpg,1,fake,synthetic,male,22,Balaji Rao,Rajiv Rao,11/07/2003,MRCPR9516Y,cats=image_quality+face_tampering|face_gender=male
output_pan\fake\pan_fake_0088.jpg,1,fake,synthetic,female,25,Bhavana Panikar,Nishant Panikar,03/06/1999,CHAPW5213MW,cats=structural+border_crop+semantic|face_gender=female
output_pan\fake\pan_fake_0089.jpg,1,fake,synthetic,female,27,Ruhi Mondal,Santosh Mondal,17/08/1965,DBAPM7156E,cats=semantic+image_quality|face_gender=female
output_pan\fake\pan_fake_0090.jpg,1,fake,synthetic,male,28,Faisal Urs,Hardik Urs,19/09/1998,MCXPH859V,cats=border_crop+semantic+image_quality|face_gender=male
output_pan\fake\pan_fake_0091.jpg,1,fake,synthetic,female,29,Vinit Agrawal,Ramesh Banerjee,30/12/2000,PHUPB1007U,cats=text_tampering+image_quality+partial_editing|face_gender=female
output_pan\fake\pan_fake_0092.jpg,1,fake,synthetic,female,28,Kritika Srivastava,Sudhir Srivastava,26/05/2000,SMUPS5618C,cats=text_tampering+image_quality|face_gender=female
output_pan\fake\pan_fake_0093.jpg,1,fake,synthetic,male,26,Akshat Dube,Rajan Panikar,08/09/1998,JSMPD8691N,cats=partial_editing+image_quality|face_gender=male
output_pan\fake\pan_fake_0094.jpg,1,fake,synthetic,female,27,Pallavi Bajwa,Nishant Bajwa,28/11/1998,reoPC0196n,cats=image_quality+text_tampering+partial_editing|face_gender=female
output_pan\fake\pan_fake_0095.jpg,1,fake,synthetic,female,31,Mohit Bajwa,Raghav Bajwa,28/02/1998,PJTPB1817W,cats=partial_editing+text_tampering|face_gender=female
output_pan\fake\pan_fake_0096.jpg,1,fake,synthetic,male,34,Virat Joshi,Rajiv Joshi,15/03/1993,clgPC1154s,cats=semantic+text_tampering+face_tampering|face_gender=male
output_pan\fake\pan_fake_0097.jpg,1,fake,synthetic,female,29,Gomathi Singh,Manoj Singh,23/03/1998,IKAPS7834N,cats=structural+image_quality+text_tampering|face_gender=female
output_pan\fake\pan_fake_0098.jpg,1,fake,synthetic,male,28,Bhaskar Pillai,Vivek Pillai,03/06/1995,VTHPP2894R,cats=border_crop+image_quality|face_gender=male
output_pan\fake\pan_fake_0099.jpg,1,fake,synthetic,male,35,Karthik Mehta,Aakash Mehta,16/05/1989,NVLPM0607K,cats=face_tampering+image_quality|face_gender=male
output_pan\fake\pan_fake_0100.jpg,1,fake,synthetic,female,33,Swapna Sundar,Satish Sundar,03/10/2021,TMAPS3977W,cats=semantic+image_quality|face_gender=female
output_pan\fake\pan_fake_0101.jpg,1,fake,synthetic,female,34,Smita Sandhu,Mihir Sandhu,03/06/2021,IVTPS5313D,cats=partial_editing+border_crop|face_gender=female
output_pan\fake\pan_fake_0102.jpg,1,fake,synthetic,female,28,Vandana Kapoor,Sarang Kapoor,02/10/2000,KUUPG377Q,cats=semantic+structural+image_quality|face_gender=female
output_pan\fake\pan_fake_0103.jpg,1,fake,synthetic,female,33,Saranya Sidhu,Vignesh Sidhu,14/06/1994,AGDPS5930Y,cats=text_tampering+image_quality|face_gender=female
output_pan\fake\pan_fake_0104.jpg,1,fake,synthetic,female,26,Shalini Jain,Harish Jain,02/01/1998,QHLPJ7425B,cats=image_quality+structural|face_gender=female
output_pan\fake\pan_fake_0105.jpg,1,fake,synthetic,male,25,Sarang Swamy,Vinod Swamy,19/08/1973,FRIPS5344H,cats=partial_editing+face_tampering|face_gender=male
output_pan\fake\pan_fake_0106.jpg,1,fake,synthetic,male,22,Nishant Gupta,Deepak Gupta,15/10/2006,HCMPF34929F,cats=face_tampering+semantic|face_gender=male
output_pan\fake\pan_fake_0107.jpg,1,fake,synthetic,female,25,Vinita Kapoor,Suresh Kapoor,02/07/2021,WFMPK4574A,cats=image_quality+partial_editing+face_tampering|face_gender=female
output_pan\fake\pan_fake_0108.jpg,1,fake,synthetic,female,29,Lakshya Shukla,Aravind Patil,24/10/1970,MCTPP3572E,cats=partial_editing+image_quality+semantic|face_gender=female
output_pan\fake\pan_fake_0109.jpg,1,fake,synthetic,female,30,Indira Sharma,Kunal Sharma,11/12/1996,XCJPL763R,cats=image_quality+semantic+border_crop|face_gender=female
output_pan\fake\pan_fake_0110.jpg,1,fake,synthetic,female,29,Monal Paul,Balaji Paul,02/05/1997,BIMPP7704W,cats=face_tampering+image_quality+border_crop|face_gender=female
output_pan\fake\pan_fake_0111.jpg,1,fake,synthetic,female,27,Ritu Agarwal,Murali Agarwal,05/08/2001,WNQPA6825V,cats=text_tampering+face_tampering|face_gender=female
output_pan\fake\pan_fake_0112.jpg,1,fake,synthetic,female,29,Nalini Sen,Prakash Sen,16/06/1994,MZUPE47292W,cats=structural+partial_editing|face_gender=female
output_pan\fake\pan_fake_0113.jpg,1,fake,synthetic,female,25,Chitra Hebbar,Ramakrishna Hebbar,30/07/1975,GBIPH7224I,cats=partial_editing+text_tampering+semantic|face_gender=female
output_pan\fake\pan_fake_0114.jpg,1,fake,synthetic,female,46,Asha Murthy,Vijayendra Murthy,24/02/1978,PFNPG187V,cats=text_tampering+partial_editing+face_tampering|face_gender=female
output_pan\fake\pan_fake_0115.jpg,1,fake,synthetic,male,26,Parth Urs,Arvind Urs,01/06/2000,SKVPE586Q,cats=image_quality+face_tampering+semantic|face_gender=male
output_pan\fake\pan_fake_0116.jpg,1,fake,synthetic,female,34,Sushma Yadav,Hardik Yadav,18/03/1992,MTFPE755U,cats=text_tampering+semantic+image_quality|face_gender=female
output_pan\fake\pan_fake_0117.jpg,1,fake,synthetic,male,44,Virat Thakur,Suresh Thakur,23/08/1980,JBJPB48183Y,cats=semantic+text_tampering|face_gender=male
output_pan\fake\pan_fake_0118.jpg,1,fake,synthetic,male,39,Aravind Thampi,Akshat Thampi,23/11/1988,RCPPT0212E,cats=face_tampering+text_tampering+structural|face_gender=male
output_pan\fake\pan_fake_0119.jpg,1,fake,synthetic,male,28,Rajan Namboothiri,Vivek Namboothiri,23/09/1996,VXPPF01322W,cats=text_tampering+partial_editing|face_gender=male
output_pan\fake\pan_fake_0120.jpg,1,fake,synthetic,female,31,Rajiv Reddy,Abhishek Iyer,02/07/1992,EJCPS52893Q,cats=semantic+partial_editing+text_tampering|face_gender=female
output_pan\fake\pan_fake_0121.jpg,1,fake,synthetic,male,21,Tanmay Hebbar,Bhaskar Hebbar,06/10/2003,LYEPH6220N,cats=text_tampering+face_tampering|face_gender=male
output_pan\fake\pan_fake_0122.jpg,1,fake,synthetic,female,18,Ritu Jain,Manoj Jain,20/08/2009,TRVPJ9076N,cats=border_crop+face_tampering+structural|face_gender=female
output_pan\fake\pan_fake_0123.jpg,1,fake,synthetic,female,26,Padmini Unni,Nikhil Unni,13/03/2003,KPCPU1061L,cats=face_tampering+text_tampering|face_gender=female
output_pan\fake\pan_fake_0124.jpg,1,fake,synthetic,male,15,Ishaan Modi,Deepak Modi,04/08/2008,DMGPM0487D,cats=image_quality+text_tampering|face_gender=male
output_pan\fake\pan_fake_0125.jpg,1,fake,synthetic,male,23,Rishi Pereira,Karan Saxena,17/08/2003,GIWPP0518N,cats=face_tampering+partial_editing|face_gender=male
output_pan\fake\pan_fake_0126.jpg,1,fake,synthetic,female,36,Virat Tiwari,Shoaib Tiwari,29/05/1987,SMDPS7987Y,cats=text_tampering+semantic|face_gender=female
output_pan\fake\pan_fake_0127.jpg,1,fake,synthetic,female,29,Mihir Namboothiri,Rohan Prasad,11/11/1994,JLZPP5756B,cats=partial_editing+image_quality|face_gender=female
output_pan\fake\pan_fake_0128.jpg,1,fake,synthetic,male,28,Karan Ghosh,Mohit Ghosh,19/07/1996,NKAPG9634A,cats=face_tampering+text_tampering+image_quality|face_gender=male
output_pan\fake\pan_fake_0129.jpg,1,fake,synthetic,male,44,Sumitra Roy,Kunal Roy,20/04/1982,TCVPG9698K,cats=semantic+image_quality+text_tampering|face_gender=male
output_pan\fake\pan_fake_0130.jpg,1,fake,synthetic,male,31,Madhuri Mondal,Deepak Mondal,19/03/1994,MRVPI4390U,cats=border_crop+image_quality+semantic|face_gender=male
output_pan\fake\pan_fake_0131.jpg,1,fake,synthetic,female,28,Alka Pillai,Rohit Pillai,08/10/1996,KCEPP5088O,cats=text_tampering+face_tampering+image_quality|face_gender=female
output_pan\fake\pan_fake_0132.jpg,1,fake,synthetic,female,24,Niyati Unni,Dinesh Unni,31/01/2000,SUBPU5144T,cats=structural+face_tampering+image_quality|face_gender=female
output_pan\fake\pan_fake_0133.jpg,1,fake,synthetic,male,35,Anita Shetty,Satish Parekh,09/09/1988,MCPPP5396S,cats=image_quality+border_crop+partial_editing|face_gender=male
output_pan\fake\pan_fake_0134.jpg,1,fake,synthetic,male,31,Vignesh Agarwal,Deepak Agarwal,23/08/1996,dwwPA6439i,cats=partial_editing+face_tampering|face_gender=male
output_pan\fake\pan_fake_0135.jpg,1,fake,synthetic,male,24,Hema Bhat,Sourabh Pillai,14/12/1971,WELPP6657Z,cats=partial_editing+semantic|face_gender=male
output_pan\fake\pan_fake_0136.jpg,1,fake,synthetic,male,25,Mohan Mehta,Lokesh Mehta,27/12/2000,ICEPT5234PO,cats=image_quality+semantic+face_tampering|face_gender=male
output_pan\fake\pan_fake_0137.jpg,1,fake,synthetic,male,46,Aravind Ghosh,Kabir Ghosh,14/02/1982,JKJPG0340A,cats=structural+border_crop|face_gender=male
output_pan\fake\pan_fake_0138.jpg,1,fake,synthetic,male,28,Suresh Sundar,Arvind Sundar,04/10/2000,TJLPT943J,cats=image_quality+partial_editing|face_gender=male
output_pan\fake\pan_fake_0139.jpg,1,fake,synthetic,male,23,Richa Gupta,Ramakrishna Dey,19/06/2005,RLAPG5297W,cats=image_quality+partial_editing+semantic|face_gender=male
output_pan\fake\pan_fake_0140.jpg,1,fake,synthetic,male,34,Girish Grewal,Akshat Grewal,11/02/1965,DXBPG4265F,cats=border_crop+structural+semantic|face_gender=male
output_pan\fake\pan_fake_0141.jpg,1,fake,synthetic,female,33,Mohan Saxena,Chandramohan Hegde,16/02/2021,WRUPH3096E,cats=partial_editing+semantic|face_gender=female
output_pan\fake\pan_fake_0142.jpg,1,fake,synthetic,female,29,Shreyas Thakkar,Shoaib Desai,28/12/2000,DJFPD2960F,cats=text_tampering+image_quality+partial_editing|face_gender=female
output_pan\fake\pan_fake_0143.jpg,1,fake,synthetic,male,25,Arvind Tiwari,Vinod Tiwari,05/06/2004,yitPG0798z,cats=text_tampering+semantic+border_crop|face_gender=male
output_pan\fake\pan_fake_0144.jpg,1,fake,synthetic,female,30,Chameli Agrawal,Sourabh Agrawal,04/03/1994,HUTPA9888E,cats=image_quality+text_tampering+structural|face_gender=female
output_pan\fake\pan_fake_0145.jpg,1,fake,synthetic,female,28,Siddhi Jain,Suresh Jain,03/09/1969,HLXPJ4922E,cats=image_quality+partial_editing|face_gender=female
output_pan\fake\pan_fake_0146.jpg,1,fake,synthetic,female,34,Raghav Chauhan,Akshat Chauhan,19/12/1990,stlPK3067g,cats=semantic+partial_editing+face_tampering|face_gender=female
output_pan\fake\pan_fake_0147.jpg,1,fake,synthetic,female,22,Lavanya Nair,Ashok Nair,04/11/2005,LAKPN2814U,cats=text_tampering+face_tampering+image_quality|face_gender=female
output_pan\fake\pan_fake_0148.jpg,1,fake,synthetic,female,27,Nalini Patil,Deepak Patil,14/04/1997,lmaPS3976g,cats=semantic+face_tampering+structural|face_gender=female
output_pan\fake\pan_fake_0149.jpg,1,fake,synthetic,male,22,Sanjay Gupta,Arjun Gupta,28/11/2007,SZWPG0607P,cats=text_tampering+image_quality+face_tampering|face_gender=male
output_pan\fake\pan_fake_0150.jpg,1,fake,synthetic,female,27,Asha Roy,Yash Roy,19/04/1998,XIPPR2149J,cats=border_crop+image_quality+structural|face_gender=female
output_pan\fake\pan_fake_0151.jpg,1,fake,synthetic,male,24,Akshat Jain,Dev Jain,02/09/2004,ZJGPJ2863Q,cats=image_quality+face_tampering|face_gender=male
output_pan\fake\pan_fake_0152.jpg,1,fake,synthetic,female,18,Ratna Desai,Vijayendra Desai,25/06/2005,BWGPD8445T,cats=image_quality+structural|face_gender=female
output_pan\fake\pan_fake_0153.jpg,1,fake,synthetic,male,29,Usha Menon,Sarang Menon,28/02/1995,FJSPK8289P,cats=semantic+face_tampering|face_gender=male
output_pan\fake\pan_fake_0154.jpg,1,fake,synthetic,male,42,Sachin Sharma,Sudhir Sharma,30/07/2011,NCJPS5909U,cats=semantic+image_quality|face_gender=male
output_pan\fake\pan_fake_0155.jpg,1,fake,synthetic,female,29,Malathi Urs,Adnan Urs,11/02/2000,IZEPU6444Y,cats=image_quality+structural|face_gender=female
output_pan\fake\pan_fake_0156.jpg,1,fake,synthetic,male,25,Prashant Swamy,Pavan Swamy,27/01/2002,HNXPS7311U,cats=structural+image_quality|face_gender=male
output_pan\fake\pan_fake_0157.jpg,1,fake,synthetic,male,24,Aarti Murthy,Kabir Parekh,17/02/2004,ONTPP0384A,cats=partial_editing+image_quality+border_crop|face_gender=male
output_pan\fake\pan_fake_0158.jpg,1,fake,synthetic,female,30,Amita Sen,Sudhir Sen,19/09/2021,SYRPS5740J,cats=image_quality+text_tampering+semantic|face_gender=female
output_pan\fake\pan_fake_0159.jpg,1,fake,synthetic,male,30,Chetan Joseph,Kunal Joseph,17/11/1997,KOUPJ9574P,cats=border_crop+image_quality+face_tampering|face_gender=male
output_pan\fake\pan_fake_0160.jpg,1,fake,synthetic,female,16,Alka Narayana,Nitin Narayana,30/01/2021,WCJPN0660Q,cats=semantic+partial_editing|face_gender=female
output_pan\fake\pan_fake_0161.jpg,1,fake,synthetic,male,25,Shubham Agrawal,Sunil Agrawal,16/12/1998,AOBPA6842P,cats=text_tampering+structural+image_quality|face_gender=male
output_pan\fake\pan_fake_0162.jpg,1,fake,synthetic,female,28,Kavya Malik,Ramakrishna Malik,09/12/1998,oboPY7797q,cats=image_quality+semantic|face_gender=female
output_pan\fake\pan_fake_0163.jpg,1,fake,synthetic,female,29,Nishant Sen,Sunil Sen,08/04/1994,VVPPD8742T,cats=face_tampering+semantic+structural|face_gender=female
output_pan\fake\pan_fake_0164.jpg,1,fake,synthetic,male,28,Amrutha Verma,Siddharth Verma,18/02/2001,EDGPM2527J,cats=image_quality+semantic+border_crop|face_gender=male
output_pan\fake\pan_fake_0165.jpg,1,fake,synthetic,male,24,Niyati Paul,Irfan George,13/09/1999,YHIPG1073P,cats=face_tampering+partial_editing|face_gender=male
output_pan\fake\pan_fake_0166.jpg,1,fake,synthetic,male,23,Sachin Reddy,Aviral Reddy,26/11/2002,DOLPR2333L,cats=image_quality+text_tampering|face_gender=male
output_pan\fake\pan_fake_0167.jpg,1,fake,synthetic,male,28,Ravi Mishra,Suresh Mishra,27/10/2000,NBTPM4926C,cats=image_quality+border_crop+structural|face_gender=male
output_pan\fake\pan_fake_0168.jpg,1,fake,synthetic,male,25,Asha Warrier,Venkat Warrier,30/11/2003,AMXPB6770R,cats=image_quality+text_tampering+semantic|face_gender=male
output_pan\fake\pan_fake_0169.jpg,1,fake,synthetic,female,32,Deepika Narayana,Aviral Narayana,30/11/1995,pazPD4545s,cats=border_crop+semantic+text_tampering|face_gender=female
output_pan\fake\pan_fake_0170.jpg,1,fake,synthetic,female,29,Chitra Iyer,Venkat Iyer,09/10/1996,MNBPB530R,cats=structural+face_tampering+semantic|face_gender=female
output_pan\fake\pan_fake_0171.jpg,1,fake,synthetic,male,24,Amita Dube,Hemant Bose,08/05/1977,FRYPB3226F,cats=partial_editing+image_quality+semantic|face_gender=male
output_pan\fake\pan_fake_0172.jpg,1,fake,synthetic,male,51,Dhruv Shah,Rakesh Shah,04/02/2004,CLDPS0547M,cats=structural+image_quality+semantic|face_gender=male
output_pan\fake\pan_fake_0173.jpg,1,fake,synthetic,male,36,Jayshree Patel,Rakesh Yadav,20/11/1987,AJUPY5565U,cats=face_tampering+partial_editing|face_gender=male
output_pan\fake\pan_fake_0174.jpg,1,fake,synthetic,female,16,Sumitra Gill,Ankit Gill,19/05/1977,NJMPG3047H,cats=image_quality+semantic|face_gender=female
output_pan\fake\pan_fake_0175.jpg,1,fake,synthetic,female,28,Meenakshi Sen,Arvind Sen,19/09/2001,RDGPS6916L,cats=border_crop+image_quality|face_gender=female
output_pan\fake\pan_fake_0176.jpg,1,fake,synthetic,female,31,Heena Walia,Sanjay Walia,14/05/1994,ICWPW8126H,cats=image_quality+text_tampering|face_gender=female
output_pan\fake\pan_fake_0177.jpg,1,fake,synthetic,male,37,Ankit Saxena,Suresh Saxena,02/06/1988,ZFHPS4293X,cats=face_tampering+text_tampering|face_gender=male
output_pan\fake\pan_fake_0178.jpg,1,fake,synthetic,male,26,Venkat Iyer,Pradeep Iyer,26/11/2000,XIFPI3935L,cats=image_quality+border_crop+structural|face_gender=male
output_pan\fake\pan_fake_0179.jpg,1,fake,synthetic,male,26,Parth Dhillon,Dilip Dhillon,26/08/1972,QENPD5369H,cats=image_quality+partial_editing|face_gender=male
output_pan\fake\pan_fake_0180.jpg,1,fake,synthetic,female,28,Kritika Modi,Shubham George,06/08/1997,IJSPM7763I,cats=image_quality+partial_editing+structural|face_gender=female
output_pan\fake\pan_fake_0181.jpg,1,fake,synthetic,male,33,Chameli John,Kunal John,15/01/1992,HNOPZ31115B,cats=partial_editing+face_tampering+semantic|face_gender=male
output_pan\fake\pan_fake_0182.jpg,1,fake,synthetic,male,38,Sanjay Pereira,Varun Pereira,09/06/1986,HVRPP3124W,cats=border_crop+image_quality|face_gender=male
output_pan\fake\pan_fake_0183.jpg,1,fake,synthetic,male,26,Anand Mathew,Chetan Thomas,08/08/2002,NUTPM5582Z,cats=partial_editing+image_quality|face_gender=male
output_pan\fake\pan_fake_0184.jpg,1,fake,synthetic,male,36,Chandramohan Mukherjee,Arjun Mukherjee,03/07/1959,JFLPM8809J,cats=text_tampering+semantic+border_crop|face_gender=male
output_pan\fake\pan_fake_0185.jpg,1,fake,synthetic,female,27,Shreya Desai,Sunil Desai,18/03/1972,HGRPD7450B,cats=text_tampering+semantic+structural|face_gender=female
output_pan\fake\pan_fake_0186.jpg,1,fake,synthetic,female,28,Alka Dube,Ashok Dube,19/05/1997,XWLPX761O,cats=semantic+face_tampering+image_quality|face_gender=female
output_pan\fake\pan_fake_0187.jpg,1,fake,synthetic,female,33,Kavitha Chauhan,Dinesh Chauhan,14/12/1992,nrbPP6739y,cats=partial_editing+structural|face_gender=female
output_pan\fake\pan_fake_0188.jpg,1,fake,synthetic,male,30,Faisal Rao,Shreyas Rao,14/06/1993,LGNPR0438C,cats=face_tampering+image_quality+structural|face_gender=male
output_pan\fake\pan_fake_0189.jpg,1,fake,synthetic,male,33,Gomathi Shah,Aviral Shah,31/12/1995,LMHPN2795A,cats=semantic+image_quality|face_gender=male
output_pan\fake\pan_fake_0190.jpg,1,fake,synthetic,female,26,Anita Shetty,Sriram Shetty,07/04/2021,FSVPS6400W,cats=face_tampering+text_tampering+semantic|face_gender=female
output_pan\fake\pan_fake_0191.jpg,1,fake,synthetic,female,35,Vimala Fernandez,Ramakrishna Fernandez,04/07/2021,CVRPF0722N,cats=image_quality+partial_editing|face_gender=female
output_pan\fake\pan_fake_0192.jpg,1,fake,synthetic,female,25,Ananya Shetty,Aniket Shetty,01/06/1999,KLBPS6046B,cats=structural+face_tampering|face_gender=female
output_pan\fake\pan_fake_0193.jpg,1,fake,synthetic,female,27,Krupa Urs,Karthik Urs,06/10/1996,GCIPU2178K,cats=image_quality+structural|face_gender=female
output_pan\fake\pan_fake_0194.jpg,1,fake,synthetic,male,25,Raghav Gill,Arjun Gill,21/04/2021,TDGPG3991T,cats=semantic+face_tampering|face_gender=male
output_pan\fake\pan_fake_0195.jpg,1,fake,synthetic,female,14,Keerthi George,Rakesh George,29/12/2012,LAWPG232C,cats=image_quality+partial_editing+semantic|face_gender=female
output_pan\fake\pan_fake_0196.jpg,1,fake,synthetic,male,24,Anand Rawat,Himanshu Nair,24/03/2003,FLPPR4676S,cats=border_crop+partial_editing+structural|face_gender=male
output_pan\fake\pan_fake_0197.jpg,1,fake,synthetic,male,24,Aviral Nair,Akshat Nair,05/09/2001,OEJPN7432J,cats=text_tampering+face_tampering+image_quality|face_gender=male
output_pan\fake\pan_fake_0198.jpg,1,fake,synthetic,male,22,Arvind Narayana,Manoj Narayana,21/05/2004,jsqPW0946u,cats=partial_editing+face_tampering|face_gender=male
output_pan\fake\pan_fake_0199.jpg,1,fake,synthetic,male,22,Chandramohan Rawat,Sachin Rawat,23/05/1977,vauPM9604c,cats=border_crop+semantic+partial_editing|face_gender=male
output_pan\fake\pan_fake_0200.jpg,1,fake,synthetic,male,47,Ruhi Gowda,Rajan Gowda,27/06/1976,DTYPB5048A,cats=image_quality+semantic|face_gender=male
output_pan\fake\pan_fake_0201.jpg,1,fake,synthetic,female,18,Monal D'Souza,Ajay D'Souza,03/05/2021,FFTPD4250N,cats=image_quality+structural+semantic|face_gender=female
output_pan\fake\pan_fake_0202.jpg,1,fake,synthetic,female,30,Yamini Paul,Aarav Paul,26/10/1994,ZCNPP6155T,cats=border_crop+text_tampering+face_tampering|face_gender=female
output_pan\fake\pan_fake_0203.jpg,1,fake,synthetic,female,34,Varsha Sharma,Murali Sharma,27/12/1992,XDPPS4073L,cats=image_quality+text_tampering+face_tampering|face_gender=female
output_pan\fake\pan_fake_0204.jpg,1,fake,synthetic,male,23,Sarang Panikar,Yash Panikar,18/11/1977,nduPV8991o,cats=partial_editing+semantic+text_tampering|face_gender=male
output_pan\fake\pan_fake_0205.jpg,1,fake,synthetic,female,33,Meena Gowda,Amit Gowda,01/12/1993,EYXPG3611X,cats=image_quality+border_crop+structural|face_gender=female
output_pan\fake\pan_fake_0206.jpg,1,fake,synthetic,male,21,Prakash Kutty,Vignesh Kutty,24/10/2021,GGHPK1461K,cats=image_quality+semantic|face_gender=male
output_pan\fake\pan_fake_0207.jpg,1,fake,synthetic,male,25,Manoj Fernandez,Parth Fernandez,20/03/2021,RUNPF1747M,cats=text_tampering+semantic|face_gender=male
output_pan\fake\pan_fake_0208.jpg,1,fake,synthetic,female,31,Chandramohan Gowda,Aditya Gowda,19/12/1996,MVMPK0964Z,cats=semantic+image_quality+structural|face_gender=female
output_pan\fake\pan_fake_0209.jpg,1,fake,synthetic,male,51,Himanshu Kapoor,Vijayendra Kapoor,16/11/1975,ZTKPK4627W,cats=image_quality+text_tampering|face_gender=male
output_pan\fake\pan_fake_0210.jpg,1,fake,synthetic,female,31,Savita Rajan,Shubham Rajan,21/09/2020,TASPR2419M,cats=image_quality+semantic+face_tampering|face_gender=female
output_pan\fake\pan_fake_0211.jpg,1,fake,synthetic,male,26,Geeta Naidu,Srikanth Desai,21/03/1999,TUZPD7597U,cats=partial_editing+image_quality+face_tampering|face_gender=male
output_pan\fake\pan_fake_0212.jpg,1,fake,synthetic,male,28,Srikanth Agarwal,Prashant Agarwal,27/09/1973,JZSPA9363E,cats=partial_editing+image_quality|face_gender=male
output_pan\fake\pan_fake_0213.jpg,1,fake,synthetic,male,26,Sonia Nair,Faisal Nair,29/11/2002,ZEZPH631Z,cats=semantic+partial_editing+text_tampering|face_gender=male
output_pan\fake\pan_fake_0214.jpg,1,fake,synthetic,female,40,Krupa Wahan,Irfan Wahan,04/12/1988,DQBPI267M,cats=text_tampering+partial_editing|face_gender=female
output_pan\fake\pan_fake_0215.jpg,1,fake,synthetic,male,31,Arun Sidhu,Hardik Sidhu,21/12/1993,CDCPC15542Z,cats=border_crop+face_tampering+semantic|face_gender=male
output_pan\fake\pan_fake_0216.jpg,1,fake,synthetic,female,30,Vijaya Rao,Vijay Rao,19/08/2021,WPUPR8667L,cats=text_tampering+structural+semantic|face_gender=female
output_pan\fake\pan_fake_0217.jpg,1,fake,synthetic,male,29,Lokesh Wahan,Raghav Wahan,15/03/1997,UVQPX195F,cats=partial_editing+structural|face_gender=male
output_pan\fake\pan_fake_0218.jpg,1,fake,synthetic,male,33,Shoaib Kapoor,Sudhir Kapoor,31/01/1990,YRYPK7859P,cats=face_tampering+text_tampering|face_gender=male
output_pan\fake\pan_fake_0219.jpg,1,fake,synthetic,male,52,Pranav Thakkar,Dinesh Thakkar,27/06/1977,DJBPT6212F,cats=border_crop+face_tampering+image_quality|face_gender=male
output_pan\fake\pan_fake_0220.jpg,1,fake,synthetic,female,33,Jalpa Grewal,Akshat Tiwari,20/01/1994,xkxPE4099h,cats=semantic+face_tampering+partial_editing|face_gender=female
output_pan\fake\pan_fake_0221.jpg,1,fake,synthetic,female,32,Kabir Fernandez,Rahul Fernandez,04/05/1991,ZRLPR5796X,cats=semantic+structural+image_quality|face_gender=female
output_pan\fake\pan_fake_0222.jpg,1,fake,synthetic,male,30,Nidhi Sundar,Faisal Sundar,16/09/1996,USIPP8223X,cats=semantic+border_crop+image_quality|face_gender=male
output_pan\fake\pan_fake_0223.jpg,1,fake,synthetic,female,28,Geeta Desai,Aviral Desai,20/04/1998,DNGPD4318W,cats=image_quality+face_tampering|face_gender=female
output_pan\fake\pan_fake_0224.jpg,1,fake,synthetic,female,29,Tushar Mishra,Rajan Mishra,08/03/1995,DKHPF2396N,cats=text_tampering+semantic|face_gender=female
output_pan\fake\pan_fake_0225.jpg,1,fake,synthetic,female,28,Nidhi Agarwal,Sriram Agarwal,11/04/1998,JHCPV2135LK,cats=partial_editing+text_tampering+face_tampering|face_gender=female
output_pan\fake\pan_fake_0226.jpg,1,fake,synthetic,male,40,Manish Rao,Suresh Rao,24/09/1954,BZWPR3161W,cats=structural+semantic+text_tampering|face_gender=male
output_pan\fake\pan_fake_0227.jpg,1,fake,synthetic,female,25,Shweta Roy,Chetan Roy,04/12/1999,TKRPF86866T,cats=image_quality+semantic+text_tampering|face_gender=female
output_pan\fake\pan_fake_0228.jpg,1,fake,synthetic,male,21,Faisal Shukla,Raghav Shukla,21/01/1978,HFSPS2804H,cats=text_tampering+partial_editing|face_gender=male
output_pan\fake\pan_fake_0229.jpg,1,fake,synthetic,male,24,Arvind Wahan,Kiran Wahan,29/12/2005,GARPX49837H,cats=image_quality+partial_editing|face_gender=male
output_pan\fake\pan_fake_0230.jpg,1,fake,synthetic,male,30,Chetan Sundar,Yash Sundar,29/03/1971,JXCPS7527F,cats=partial_editing+text_tampering|face_gender=male
output_pan\fake\pan_fake_0231.jpg,1,fake,synthetic,male,16,Parvathi Nair,Deepak Nair,05/09/2008,SVPPP6292A,cats=image_quality+semantic|face_gender=male
output_pan\fake\pan_fake_0232.jpg,1,fake,synthetic,female,31,Lokesh Modi,Rishi Rao,03/12/1996,FMOPM2673J,cats=text_tampering+partial_editing+semantic|face_gender=female
output_pan\fake\pan_fake_0233.jpg,1,fake,synthetic,male,23,Siddhi Rawat,Sanjay Rawat,16/02/2001,ECCPT5855C,cats=semantic+structural+text_tampering|face_gender=male
output_pan\fake\pan_fake_0234.jpg,1,fake,synthetic,female,33,Parvathi Rao,Hemant Mehta,30/06/1991,GXUPR2436Y,cats=partial_editing+face_tampering|face_gender=female
output_pan\fake\pan_fake_0235.jpg,1,fake,synthetic,female,26,Lakshmi Murthy,Deepak Murthy,05/06/2003,JOOPR619W,cats=text_tampering+image_quality+semantic|face_gender=female
output_pan\fake\pan_fake_0236.jpg,1,fake,synthetic,female,32,Shweta Roy,Dhruv Roy,10/03/1991,JAZPB917T,cats=semantic+border_crop|face_gender=female
output_pan\fake\pan_fake_0237.jpg,1,fake,synthetic,female,28,Siddharth Sundar,Prakash Sundar,05/07/1995,TMDPS7704N,cats=face_tampering+image_quality+semantic|face_gender=female
output_pan\fake\pan_fake_0238.jpg,1,fake,synthetic,female,30,Kiruthika Tiwari,Parth Tiwari,15/12/1969,SGOPT3725N,cats=partial_editing+semantic|face_gender=female
output_pan\fake\pan_fake_0239.jpg,1,fake,synthetic,female,35,Nalini Das,Prakash Das,06/07/1991,BJLPD1777D,cats=face_tampering+image_quality|face_gender=female
output_pan\fake\pan_fake_0240.jpg,1,fake,synthetic,male,35,Yamini Dey,Pavan Kothari,30/11/1993,AGZPM9237Z,cats=semantic+partial_editing+border_crop|face_gender=male
output_pan\fake\pan_fake_0241.jpg,1,fake,synthetic,female,32,Shreya Sundar,Vinod Sundar,26/08/2021,PWHPS7588C,cats=border_crop+partial_editing|face_gender=female
output_pan\fake\pan_fake_0242.jpg,1,fake,synthetic,female,24,Pramila Urs,Balaji Urs,07/04/2002,MLEPF495L,cats=semantic+structural|face_gender=female
output_pan\fake\pan_fake_0243.jpg,1,fake,synthetic,male,23,Tanmay John,Rohit John,14/11/1973,YYZPJ0649L,cats=face_tampering+structural+semantic|face_gender=male
output_pan\fake\pan_fake_0244.jpg,1,fake,synthetic,male,24,Umesh Kumar,Prakash Kumar,26/12/2005,GVAPK4763M,cats=text_tampering+structural|face_gender=male
output_pan\fake\pan_fake_0245.jpg,1,fake,synthetic,male,25,Nikhil Rao,Sunil Rao,25/10/1967,TFIPR5611T,cats=partial_editing+image_quality+semantic|face_gender=male
output_pan\fake\pan_fake_0246.jpg,1,fake,synthetic,male,28,Aditya Joseph,Shubham Joseph,31/01/1995,FYMPW59608Z,cats=partial_editing+semantic|face_gender=male
output_pan\fake\pan_fake_0247.jpg,1,fake,synthetic,male,31,Kunal Pereira,Anand John,20/10/1993,DRVPP0233E,cats=border_crop+text_tampering+partial_editing|face_gender=male
output_pan\fake\pan_fake_0248.jpg,1,fake,synthetic,female,27,Mansi Dhillon,Shubham Dhillon,07/04/2000,ZOAPD0266J,cats=text_tampering+structural+image_quality|face_gender=female
output_pan\fake\pan_fake_0249.jpg,1,fake,synthetic,male,29,Lavanya Jain,Sourabh Jain,23/11/1994,RQSPT1436Z,cats=semantic+border_crop|face_gender=male
output_pan\fake\pan_fake_0250.jpg,1,fake,synthetic,male,38,Shubham Chauhan,Pranav Chauhan,29/05/2021,JFMPC5745Z,cats=face_tampering+image_quality+semantic|face_gender=male
output_pan\fake\pan_fake_0251.jpg,1,fake,synthetic,male,31,Zara Arora,Rohan Singh,27/06/1997,VVPPS2793S,cats=partial_editing+border_crop+image_quality|face_gender=male
output_pan\fake\pan_fake_0252.jpg,1,fake,synthetic,female,31,Niyati John,Harish John,03/04/1996,ZQUPH438H,cats=text_tampering+semantic|face_gender=female
output_pan\fake\pan_fake_0253.jpg,1,fake,synthetic,male,23,Indira Desai,Kunal Desai,10/03/2006,GECPS3408M,cats=text_tampering+semantic|face_gender=male
output_pan\fake\pan_fake_0254.jpg,1,fake,synthetic,male,30,Foram Parekh,Aviral Parekh,01/04/2021,ZZMPU2596Q,cats=structural+partial_editing+semantic|face_gender=male
output_pan\fake\pan_fake_0255.jpg,1,fake,synthetic,female,29,Lakshmi Paul,Karthik Rao,12/02/1999,SQMPP7145Q,cats=structural+partial_editing+image_quality|face_gender=female
output_pan\fake\pan_fake_0256.jpg,1,fake,synthetic,male,26,Hardik Narayana,Rajiv Narayana,04/10/2001,PLOPN1053O,cats=structural+border_crop|face_gender=male
output_pan\fake\pan_fake_0257.jpg,1,fake,synthetic,female,30,Anita Shah,Naresh Shah,18/02/2021,pwwPS6910v,cats=text_tampering+partial_editing+semantic|face_gender=female
output_pan\fake\pan_fake_0258.jpg,1,fake,synthetic,male,25,Chetan Menon,Ramesh Menon,19/06/2000,JOHPM7566J,cats=structural+face_tampering|face_gender=male
output_pan\fake\pan_fake_0259.jpg,1,fake,synthetic,male,44,Bhavana Tiwari,Vikram Sen,04/08/1985,VKHPS5666M,cats=text_tampering+partial_editing|face_gender=male
output_pan\fake\pan_fake_0260.jpg,1,fake,synthetic,female,31,Shreya Rao,Pranav Rao,05/01/1998,zywPZ0706d,cats=partial_editing+structural|face_gender=female
output_pan\fake\pan_fake_0261.jpg,1,fake,synthetic,female,20,Chitra Bose,Mahesh Bose,09/07/2003,SYPPB2070K,cats=image_quality+structural|face_gender=female
output_pan\fake\pan_fake_0262.jpg,1,fake,synthetic,female,34,Amit Desai,Vijayendra Desai,05/11/1963,COWPJ1279C,cats=semantic+partial_editing+image_quality|face_gender=female
output_pan\fake\pan_fake_0263.jpg,1,fake,synthetic,male,29,Chetan Pandey,Umesh Pandey,25/04/1996,GXEPP54181L,cats=semantic+structural|face_gender=male
output_pan\fake\pan_fake_0264.jpg,1,fake,synthetic,male,23,Irfan Thakur,Sanjay Thakur,09/08/2006,JBJPT3178J,cats=face_tampering+text_tampering|face_gender=male
output_pan\fake\pan_fake_0265.jpg,1,fake,synthetic,female,30,Neha Naidu,Karan Naidu,08/05/1995,FUJPW0051FD,cats=partial_editing+image_quality|face_gender=female
output_pan\fake\pan_fake_0266.jpg,1,fake,synthetic,female,25,Rajiv Kumar,Ramakrishna Rajan,11/07/2001,AZWPR0160T,cats=border_crop+text_tampering+partial_editing|face_gender=female
output_pan\fake\pan_fake_0267.jpg,1,fake,synthetic,female,30,Deepak Unni,Mohan Unni,23/05/1997,INRPS1848I,cats=semantic+face_tampering|face_gender=female
output_pan\fake\pan_fake_0268.jpg,1,fake,synthetic,male,43,Sachin Verma,Hemant Verma,14/12/1981,XKKPJ693Q,cats=border_crop+structural+semantic|face_gender=male
output_pan\fake\pan_fake_0269.jpg,1,fake,synthetic,female,28,Vinit Gupta,Vinod Agrawal,22/08/2000,DZQPP4975P,cats=semantic+partial_editing+face_tampering|face_gender=female
output_pan\fake\pan_fake_0270.jpg,1,fake,synthetic,male,28,Smita Banerjee,Karan Banerjee,02/01/1995,GJHPT1410W,cats=semantic+image_quality+face_tampering|face_gender=male
output_pan\fake\pan_fake_0271.jpg,1,fake,synthetic,female,30,Sakshi Rawat,Rajesh Rawat,19/05/1967,IORPR9473E,cats=partial_editing+face_tampering|face_gender=female
output_pan\fake\pan_fake_0272.jpg,1,fake,synthetic,female,22,Ruchita Tripathi,Sunil Tripathi,04/07/2004,DLIPT7674L,cats=text_tampering+border_crop+structural|face_gender=female
output_pan\fake\pan_fake_0273.jpg,1,fake,synthetic,female,31,Nisha Tiwari,Aniket Tiwari,24/02/1965,UWLPT1388B,cats=image_quality+face_tampering+semantic|face_gender=female
output_pan\fake\pan_fake_0274.jpg,1,fake,synthetic,male,25,Lata Parekh,Sachin Parekh,21/11/2003,WHIPP7946T,cats=semantic+text_tampering|face_gender=male
output_pan\fake\pan_fake_0275.jpg,1,fake,synthetic,male,27,Siddharth Tiwari,Vijay Tiwari,16/07/2000,ZVVPT7195V,cats=face_tampering+image_quality|face_gender=male
output_pan\fake\pan_fake_0276.jpg,1,fake,synthetic,female,23,Vandana George,Irfan George,15/05/1976,FMHPG9647P,cats=image_quality+face_tampering+semantic|face_gender=female
output_pan\fake\pan_fake_0277.jpg,1,fake,synthetic,male,28,Sarang Grewal,Rahul Grewal,15/03/1999,WLAPG5862Q,cats=face_tampering+image_quality|face_gender=male
output_pan\fake\pan_fake_0278.jpg,1,fake,synthetic,female,31,Vijaya Urs,Pradeep Urs,10/11/1996,YBVPU6169P,cats=text_tampering+border_crop|face_gender=female
output_pan\fake\pan_fake_0279.jpg,1,fake,synthetic,male,32,Shreyas Mathew,Sudhir Mathew,04/04/1992,vyiPM2183u,cats=semantic+structural+image_quality|face_gender=male
output_pan\fake\pan_fake_0280.jpg,1,fake,synthetic,female,21,Alka Prasad,Nishant Prasad,26/09/2002,UCAPP3335B,cats=structural+face_tampering|face_gender=female
output_pan\fake\pan_fake_0281.jpg,1,fake,synthetic,female,29,Parth Saxena,Suresh Saxena,21/12/1995,NEFPS8206L,cats=image_quality+text_tampering+semantic|face_gender=female
output_pan\fake\pan_fake_0282.jpg,1,fake,synthetic,male,41,Kunal Agrawal,Vivek Agrawal,28/04/1984,NPIPA8945W,cats=text_tampering+border_crop|face_gender=male
output_pan\fake\pan_fake_0283.jpg,1,fake,synthetic,female,32,Amita Joshi,Shoaib Joshi,29/10/1997,PVUPJ1160N,cats=structural+text_tampering|face_gender=female
output_pan\fake\pan_fake_0284.jpg,1,fake,synthetic,female,31,Bhavana Patil,Vignesh Patil,05/09/2021,YAUPP8753T,cats=image_quality+text_tampering+semantic|face_gender=female
output_pan\fake\pan_fake_0285.jpg,1,fake,synthetic,male,14,Prashant Yadav,Sourabh Yadav,19/09/2009,ZDKPV148G,cats=semantic+face_tampering|face_gender=male
output_pan\fake\pan_fake_0286.jpg,1,fake,synthetic,male,23,Chandramohan Hebbar,Rajiv Hebbar,24/05/2021,SYUPH4002Q,cats=partial_editing+text_tampering+semantic|face_gender=male
output_pan\fake\pan_fake_0287.jpg,1,fake,synthetic,male,32,Dev Singh,Naresh Chaudhary,25/11/1994,MWKPH288V,cats=partial_editing+border_crop+semantic|face_gender=male
output_pan\fake\pan_fake_0288.jpg,1,fake,synthetic,male,48,Anand Sen,Umesh Sen,26/07/1978,STBPS9066M,cats=structural+border_crop+text_tampering|face_gender=male
output_pan\fake\pan_fake_0289.jpg,1,fake,synthetic,male,23,Hemant Sen,Himanshu Sen,09/10/2006,JRUPS2037J,cats=image_quality+structural+face_tampering|face_gender=male
output_pan\fake\pan_fake_0290.jpg,1,fake,synthetic,female,29,Poonam Joshi,Nikhil Joshi,22/01/2021,bcbPS5200b,cats=partial_editing+semantic|face_gender=female
output_pan\fake\pan_fake_0291.jpg,1,fake,synthetic,male,23,Sriram Malik,Rahul Malik,20/06/1976,CNCPM3883G,cats=text_tampering+image_quality+semantic|face_gender=male
output_pan\fake\pan_fake_0292.jpg,1,fake,synthetic,female,33,Anita Wahan,Sudhir Wahan,23/09/1994,YYZPR809P,cats=image_quality+semantic|face_gender=female
output_pan\fake\pan_fake_0293.jpg,1,fake,synthetic,male,18,Sachin Bose,Aravind Bose,08/06/2005,LTDPB7292X,cats=face_tampering+text_tampering+structural|face_gender=male
output_pan\fake\pan_fake_0294.jpg,1,fake,synthetic,male,23,Karthik John,Kabir John,12/07/2021,CKZPJ3246F,cats=semantic+partial_editing+text_tampering|face_gender=male
output_pan\fake\pan_fake_0295.jpg,1,fake,synthetic,female,24,Saranya Sen,Vijayendra Sen,20/10/2001,CSBPS7355N,cats=image_quality+face_tampering+text_tampering|face_gender=female
output_pan\fake\pan_fake_0296.jpg,1,fake,synthetic,male,24,Lakshmi Agrawal,Kabir Jacob,31/03/1999,DVTPG7054Q,cats=text_tampering+semantic+partial_editing|face_gender=male
output_pan\fake\pan_fake_0297.jpg,1,fake,synthetic,female,42,Raghav Urs,Ankit Chaudhary,27/08/1987,VJHPC7289Q,cats=image_quality+partial_editing|face_gender=female
output_pan\fake\pan_fake_0298.jpg,1,fake,synthetic,female,25,Rajesh Thakur,Nikhil Dey,24/04/1999,BEIPD8403V,cats=image_quality+partial_editing|face_gender=female
output_pan\fake\pan_fake_0299.jpg,1,fake,synthetic,male,28,Suresh Bajwa,Arjun Bajwa,18/08/2021,JYRPB7703E,cats=image_quality+partial_editing+structural|face_gender=male
